Record Length,2.500000e+03,,   0.000732400000,   0.00080,
Sample Interval,2.000000e-08,,   0.000732420000,   0.00080,
Trigger Point,-3.662000000000e+04,,   0.000732440000,   0.00120,
,,,   0.000732460000,   0.00040,
,,,   0.000732480000,   0.00040,
,,,   0.000732500000,   0.00040,
Source,CH1,,   0.000732520000,   0.00000,
Vertical Units,V,,   0.000732540000,   0.00160,
Vertical Scale,1.000000e-02,,   0.000732560000,   0.00120,
Vertical Offset,1.880000e-02,,   0.000732580000,   0.00040,
Horizontal Units,s,,   0.000732600000,   0.00040,
Horizontal Scale,5.000000e-06,,   0.000732620000,   0.00000,
Pt Fmt,Y,,   0.000732640000,   0.00120,
Yzero,0.000000e+00,,   0.000732660000,   0.00080,
Probe Atten,1.000000e+00,,   0.000732680000,   0.00120,
Model Number,TDS1001B,,   0.000732700000,   0.00080,
Serial Number,C059821,,   0.000732720000,   0.00040,
Firmware Version,FV:v22.01,,   0.000732740000,   0.00040,
,,,0.000732760000,   0.00000,
,,,0.000732780000,   0.00080,
,,,0.000732800000,   0.00000,
,,,0.000732820000,   0.00000,
,,,0.000732840000,   0.00040,
,,,0.000732860000,   0.00040,
,,,0.000732880000,   0.00040,
,,,0.000732900000,  -0.00040,
,,,0.000732920000,   0.00040,
,,,0.000732940000,   0.00000,
,,,0.000732960000,   0.00080,
,,,0.000732980000,   0.00040,
,,,0.000733000000,   0.00040,
,,,0.000733020000,  -0.00040,
,,,0.000733040000,   0.00040,
,,,0.000733060000,  -0.00040,
,,,0.000733080000,   0.00000,
,,,0.000733100000,   0.00040,
,,,0.000733120000,   0.00080,
,,,0.000733140000,   0.00040,
,,,0.000733160000,   0.00160,
,,,0.000733180000,   0.00040,
,,,0.000733200000,   0.00000,
,,,0.000733220000,   0.00000,
,,,0.000733240000,   0.00000,
,,,0.000733260000,   0.00040,
,,,0.000733280000,   0.00000,
,,,0.000733300000,   0.00080,
,,,0.000733320000,   0.00040,
,,,0.000733340000,   0.00040,
,,,0.000733360000,   0.00000,
,,,0.000733380000,   0.00080,
,,,0.000733400000,   0.00120,
,,,0.000733420000,   0.00080,
,,,0.000733440000,   0.00120,
,,,0.000733460000,   0.00000,
,,,0.000733480000,   0.00040,
,,,0.000733500000,   0.00000,
,,,0.000733520000,   0.00080,
,,,0.000733540000,   0.00040,
,,,0.000733560000,   0.00040,
,,,0.000733580000,   0.00040,
,,,0.000733600000,   0.00080,
,,,0.000733620000,   0.00000,
,,,0.000733640000,   0.00000,
,,,0.000733660000,   0.00040,
,,,0.000733680000,   0.00040,
,,,0.000733700000,   0.00000,
,,,0.000733720000,   0.00120,
,,,0.000733740000,   0.00120,
,,,0.000733760000,   0.00000,
,,,0.000733780000,   0.00040,
,,,0.000733800000,   0.00080,
,,,0.000733820000,   0.00080,
,,,0.000733840000,   0.00040,
,,,0.000733860000,   0.00080,
,,,0.000733880000,   0.00080,
,,,0.000733900000,   0.00080,
,,,0.000733920000,   0.00080,
,,,0.000733940000,   0.00080,
,,,0.000733960000,   0.00160,
,,,0.000733980000,   0.00160,
,,,0.000734000000,   0.00160,
,,,0.000734020000,   0.00120,
,,,0.000734040000,   0.00080,
,,,0.000734060000,   0.00000,
,,,0.000734080000,   0.00040,
,,,0.000734100000,   0.00120,
,,,0.000734120000,   0.00120,
,,,0.000734140000,   0.00160,
,,,0.000734160000,   0.00120,
,,,0.000734180000,   0.00080,
,,,0.000734200000,   0.00080,
,,,0.000734220000,   0.00080,
,,,0.000734240000,   0.00120,
,,,0.000734260000,   0.00040,
,,,0.000734280000,   0.00080,
,,,0.000734300000,   0.00080,
,,,0.000734320000,   0.00040,
,,,0.000734340000,   0.00000,
,,,0.000734360000,   0.00080,
,,,0.000734380000,   0.00040,
,,,0.000734400000,   0.00040,
,,,0.000734420000,   0.00080,
,,,0.000734440000,   0.00040,
,,,0.000734460000,   0.00080,
,,,0.000734480000,   0.00000,
,,,0.000734500000,   0.00040,
,,,0.000734520000,   0.00080,
,,,0.000734540000,   0.00040,
,,,0.000734560000,   0.00080,
,,,0.000734580000,   0.00120,
,,,0.000734600000,   0.00080,
,,,0.000734620000,   0.00080,
,,,0.000734640000,   0.00040,
,,,0.000734660000,   0.00040,
,,,0.000734680000,   0.00080,
,,,0.000734700000,   0.00080,
,,,0.000734720000,   0.00080,
,,,0.000734740000,   0.00080,
,,,0.000734760000,   0.00040,
,,,0.000734780000,   0.00000,
,,,0.000734800000,   0.00000,
,,,0.000734820000,   0.00080,
,,,0.000734840000,   0.00040,
,,,0.000734860000,   0.00080,
,,,0.000734880000,   0.00040,
,,,0.000734900000,   0.00040,
,,,0.000734920000,  -0.00080,
,,,0.000734940000,   0.00040,
,,,0.000734960000,   0.00000,
,,,0.000734980000,   0.00080,
,,,0.000735000000,   0.00040,
,,,0.000735020000,   0.00080,
,,,0.000735040000,   0.00040,
,,,0.000735060000,   0.00040,
,,,0.000735080000,   0.00040,
,,,0.000735100000,   0.00040,
,,,0.000735120000,   0.00080,
,,,0.000735140000,   0.00120,
,,,0.000735160000,   0.00040,
,,,0.000735180000,   0.00040,
,,,0.000735200000,   0.00080,
,,,0.000735220000,   0.00000,
,,,0.000735240000,   0.00000,
,,,0.000735260000,   0.00080,
,,,0.000735280000,   0.00040,
,,,0.000735300000,   0.00120,
,,,0.000735320000,   0.00040,
,,,0.000735340000,   0.00040,
,,,0.000735360000,   0.00000,
,,,0.000735380000,  -0.00040,
,,,0.000735400000,   0.00080,
,,,0.000735420000,   0.00000,
,,,0.000735440000,   0.00000,
,,,0.000735460000,   0.00000,
,,,0.000735480000,  -0.00040,
,,,0.000735500000,  -0.00040,
,,,0.000735520000,   0.00040,
,,,0.000735540000,   0.00000,
,,,0.000735560000,   0.00080,
,,,0.000735580000,   0.00040,
,,,0.000735600000,   0.00000,
,,,0.000735620000,   0.00000,
,,,0.000735640000,   0.00000,
,,,0.000735660000,   0.00000,
,,,0.000735680000,   0.00000,
,,,0.000735700000,   0.00080,
,,,0.000735720000,   0.00120,
,,,0.000735740000,   0.00080,
,,,0.000735760000,  -0.00040,
,,,0.000735780000,   0.00000,
,,,0.000735800000,   0.00040,
,,,0.000735820000,   0.00040,
,,,0.000735840000,   0.00040,
,,,0.000735860000,   0.00080,
,,,0.000735880000,   0.00040,
,,,0.000735900000,   0.00000,
,,,0.000735920000,   0.00040,
,,,0.000735940000,   0.00040,
,,,0.000735960000,   0.00040,
,,,0.000735980000,   0.00120,
,,,0.000736000000,   0.00080,
,,,0.000736020000,   0.00120,
,,,0.000736040000,   0.00040,
,,,0.000736060000,   0.00000,
,,,0.000736080000,   0.00040,
,,,0.000736100000,   0.00080,
,,,0.000736120000,   0.00160,
,,,0.000736140000,   0.00040,
,,,0.000736160000,   0.00080,
,,,0.000736180000,   0.00000,
,,,0.000736200000,   0.00040,
,,,0.000736220000,   0.00000,
,,,0.000736240000,   0.00000,
,,,0.000736260000,   0.00040,
,,,0.000736280000,   0.00000,
,,,0.000736300000,   0.00080,
,,,0.000736320000,   0.00000,
,,,0.000736340000,  -0.00040,
,,,0.000736360000,   0.00080,
,,,0.000736380000,   0.00000,
,,,0.000736400000,   0.00120,
,,,0.000736420000,   0.00040,
,,,0.000736440000,   0.00040,
,,,0.000736460000,   0.00080,
,,,0.000736480000,   0.00040,
,,,0.000736500000,   0.00040,
,,,0.000736520000,  -0.00040,
,,,0.000736540000,   0.00000,
,,,0.000736560000,   0.00040,
,,,0.000736580000,   0.00040,
,,,0.000736600000,   0.00040,
,,,0.000736620000,   0.00040,
,,,0.000736640000,  -0.00040,
,,,0.000736660000,   0.00000,
,,,0.000736680000,   0.00080,
,,,0.000736700000,   0.00040,
,,,0.000736720000,   0.00080,
,,,0.000736740000,   0.00080,
,,,0.000736760000,   0.00040,
,,,0.000736780000,   0.00040,
,,,0.000736800000,   0.00000,
,,,0.000736820000,   0.00040,
,,,0.000736840000,   0.00120,
,,,0.000736860000,   0.00080,
,,,0.000736880000,   0.00080,
,,,0.000736900000,   0.00000,
,,,0.000736920000,   0.00000,
,,,0.000736940000,   0.00000,
,,,0.000736960000,   0.00080,
,,,0.000736980000,   0.00040,
,,,0.000737000000,   0.00080,
,,,0.000737020000,   0.00120,
,,,0.000737040000,   0.00040,
,,,0.000737060000,   0.00000,
,,,0.000737080000,   0.00000,
,,,0.000737100000,   0.00080,
,,,0.000737120000,   0.00040,
,,,0.000737140000,   0.00120,
,,,0.000737160000,   0.00080,
,,,0.000737180000,   0.00080,
,,,0.000737200000,   0.00040,
,,,0.000737220000,   0.00040,
,,,0.000737240000,   0.00000,
,,,0.000737260000,   0.00080,
,,,0.000737280000,   0.00120,
,,,0.000737300000,   0.00080,
,,,0.000737320000,   0.00040,
,,,0.000737340000,   0.00080,
,,,0.000737360000,   0.00040,
,,,0.000737380000,  -0.00040,
,,,0.000737400000,  -0.00120,
,,,0.000737420000,   0.00040,
,,,0.000737440000,   0.00000,
,,,0.000737460000,   0.00000,
,,,0.000737480000,   0.00040,
,,,0.000737500000,   0.00040,
,,,0.000737520000,  -0.00040,
,,,0.000737540000,   0.00000,
,,,0.000737560000,   0.00040,
,,,0.000737580000,   0.00040,
,,,0.000737600000,   0.00040,
,,,0.000737620000,   0.00040,
,,,0.000737640000,   0.00000,
,,,0.000737660000,   0.00040,
,,,0.000737680000,   0.00000,
,,,0.000737700000,   0.00080,
,,,0.000737720000,   0.00040,
,,,0.000737740000,   0.00040,
,,,0.000737760000,  -0.00080,
,,,0.000737780000,   0.00040,
,,,0.000737800000,  -0.00040,
,,,0.000737820000,   0.00000,
,,,0.000737840000,   0.00040,
,,,0.000737860000,   0.00040,
,,,0.000737880000,   0.00080,
,,,0.000737900000,   0.00000,
,,,0.000737920000,  -0.00040,
,,,0.000737940000,   0.00080,
,,,0.000737960000,   0.00040,
,,,0.000737980000,   0.00080,
,,,0.000738000000,   0.00080,
,,,0.000738020000,   0.00120,
,,,0.000738040000,   0.00040,
,,,0.000738060000,   0.00040,
,,,0.000738080000,   0.00000,
,,,0.000738100000,   0.00040,
,,,0.000738120000,   0.00040,
,,,0.000738140000,   0.00080,
,,,0.000738160000,   0.00120,
,,,0.000738180000,   0.00080,
,,,0.000738200000,   0.00080,
,,,0.000738220000,   0.00000,
,,,0.000738240000,   0.00080,
,,,0.000738260000,   0.00080,
,,,0.000738280000,   0.00000,
,,,0.000738300000,   0.00080,
,,,0.000738320000,   0.00040,
,,,0.000738340000,   0.00040,
,,,0.000738360000,   0.00040,
,,,0.000738380000,   0.00040,
,,,0.000738400000,   0.00040,
,,,0.000738420000,   0.00120,
,,,0.000738440000,   0.00080,
,,,0.000738460000,   0.00080,
,,,0.000738480000,   0.00080,
,,,0.000738500000,   0.00080,
,,,0.000738520000,   0.00080,
,,,0.000738540000,   0.00080,
,,,0.000738560000,   0.00080,
,,,0.000738580000,   0.00080,
,,,0.000738600000,   0.00040,
,,,0.000738620000,   0.00000,
,,,0.000738640000,   0.00040,
,,,0.000738660000,   0.00040,
,,,0.000738680000,   0.00040,
,,,0.000738700000,   0.00080,
,,,0.000738720000,   0.00120,
,,,0.000738740000,   0.00040,
,,,0.000738760000,   0.00080,
,,,0.000738780000,   0.00040,
,,,0.000738800000,   0.00000,
,,,0.000738820000,   0.00000,
,,,0.000738840000,   0.00000,
,,,0.000738860000,   0.00040,
,,,0.000738880000,   0.00000,
,,,0.000738900000,   0.00040,
,,,0.000738920000,   0.00080,
,,,0.000738940000,   0.00080,
,,,0.000738960000,   0.00040,
,,,0.000738980000,   0.00040,
,,,0.000739000000,   0.00080,
,,,0.000739020000,   0.00080,
,,,0.000739040000,   0.00000,
,,,0.000739060000,   0.00000,
,,,0.000739080000,   0.00040,
,,,0.000739100000,   0.00040,
,,,0.000739120000,   0.00000,
,,,0.000739140000,   0.00080,
,,,0.000739160000,   0.00040,
,,,0.000739180000,   0.00000,
,,,0.000739200000,   0.00040,
,,,0.000739220000,   0.00000,
,,,0.000739240000,   0.00040,
,,,0.000739260000,   0.00040,
,,,0.000739280000,   0.00040,
,,,0.000739300000,   0.00120,
,,,0.000739320000,   0.00000,
,,,0.000739340000,   0.00040,
,,,0.000739360000,   0.00040,
,,,0.000739380000,  -0.00040,
,,,0.000739400000,   0.00040,
,,,0.000739420000,   0.00080,
,,,0.000739440000,   0.00040,
,,,0.000739460000,   0.00040,
,,,0.000739480000,   0.00040,
,,,0.000739500000,  -0.00040,
,,,0.000739520000,   0.00000,
,,,0.000739540000,   0.00040,
,,,0.000739560000,   0.00040,
,,,0.000739580000,   0.00040,
,,,0.000739600000,   0.00000,
,,,0.000739620000,   0.00080,
,,,0.000739640000,   0.00040,
,,,0.000739660000,   0.00040,
,,,0.000739680000,   0.00040,
,,,0.000739700000,   0.00000,
,,,0.000739720000,   0.00040,
,,,0.000739740000,   0.00080,
,,,0.000739760000,   0.00080,
,,,0.000739780000,  -0.00040,
,,,0.000739800000,   0.00040,
,,,0.000739820000,   0.00000,
,,,0.000739840000,   0.00080,
,,,0.000739860000,   0.00080,
,,,0.000739880000,   0.00040,
,,,0.000739900000,   0.00000,
,,,0.000739920000,   0.00040,
,,,0.000739940000,   0.00000,
,,,0.000739960000,   0.00080,
,,,0.000739980000,   0.00000,
,,,0.000740000000,   0.00000,
,,,0.000740020000,   0.00080,
,,,0.000740040000,   0.00000,
,,,0.000740060000,   0.00000,
,,,0.000740080000,   0.00000,
,,,0.000740100000,   0.00000,
,,,0.000740120000,   0.00080,
,,,0.000740140000,   0.00120,
,,,0.000740160000,   0.00040,
,,,0.000740180000,   0.00040,
,,,0.000740200000,  -0.00040,
,,,0.000740220000,   0.00040,
,,,0.000740240000,   0.00000,
,,,0.000740260000,   0.00000,
,,,0.000740280000,   0.00000,
,,,0.000740300000,   0.00040,
,,,0.000740320000,   0.00000,
,,,0.000740340000,  -0.00080,
,,,0.000740360000,   0.00000,
,,,0.000740380000,   0.00000,
,,,0.000740400000,   0.00080,
,,,0.000740420000,   0.00040,
,,,0.000740440000,   0.00120,
,,,0.000740460000,   0.00000,
,,,0.000740480000,  -0.00040,
,,,0.000740500000,  -0.00040,
,,,0.000740520000,  -0.00040,
,,,0.000740540000,   0.00000,
,,,0.000740560000,   0.00120,
,,,0.000740580000,   0.00040,
,,,0.000740600000,   0.00120,
,,,0.000740620000,   0.00080,
,,,0.000740640000,  -0.00040,
,,,0.000740660000,   0.00040,
,,,0.000740680000,   0.00040,
,,,0.000740700000,   0.00120,
,,,0.000740720000,   0.00040,
,,,0.000740740000,   0.00080,
,,,0.000740760000,   0.00000,
,,,0.000740780000,   0.00000,
,,,0.000740800000,   0.00000,
,,,0.000740820000,   0.00040,
,,,0.000740840000,   0.00040,
,,,0.000740860000,   0.00040,
,,,0.000740880000,   0.00000,
,,,0.000740900000,   0.00080,
,,,0.000740920000,  -0.00040,
,,,0.000740940000,   0.00000,
,,,0.000740960000,   0.00000,
,,,0.000740980000,   0.00040,
,,,0.000741000000,  -0.00040,
,,,0.000741020000,   0.00040,
,,,0.000741040000,  -0.00080,
,,,0.000741060000,   0.00040,
,,,0.000741080000,  -0.00040,
,,,0.000741100000,  -0.00040,
,,,0.000741120000,   0.00040,
,,,0.000741140000,   0.00080,
,,,0.000741160000,  -0.00040,
,,,0.000741180000,   0.00000,
,,,0.000741200000,  -0.00040,
,,,0.000741220000,   0.00000,
,,,0.000741240000,   0.00000,
,,,0.000741260000,   0.00040,
,,,0.000741280000,   0.00000,
,,,0.000741300000,   0.00000,
,,,0.000741320000,   0.00000,
,,,0.000741340000,   0.00040,
,,,0.000741360000,  -0.00040,
,,,0.000741380000,  -0.00080,
,,,0.000741400000,  -0.00040,
,,,0.000741420000,   0.00000,
,,,0.000741440000,  -0.00040,
,,,0.000741460000,   0.00040,
,,,0.000741480000,  -0.00120,
,,,0.000741500000,  -0.00080,
,,,0.000741520000,  -0.00040,
,,,0.000741540000,   0.00000,
,,,0.000741560000,   0.00040,
,,,0.000741580000,   0.00080,
,,,0.000741600000,   0.00040,
,,,0.000741620000,   0.00040,
,,,0.000741640000,   0.00040,
,,,0.000741660000,   0.00040,
,,,0.000741680000,   0.00040,
,,,0.000741700000,   0.00040,
,,,0.000741720000,   0.00080,
,,,0.000741740000,   0.00040,
,,,0.000741760000,   0.00000,
,,,0.000741780000,  -0.00040,
,,,0.000741800000,   0.00040,
,,,0.000741820000,   0.00080,
,,,0.000741840000,   0.00000,
,,,0.000741860000,   0.00080,
,,,0.000741880000,   0.00120,
,,,0.000741900000,   0.00000,
,,,0.000741920000,   0.00040,
,,,0.000741940000,   0.00040,
,,,0.000741960000,   0.00080,
,,,0.000741980000,   0.00080,
,,,0.000742000000,   0.00040,
,,,0.000742020000,   0.00080,
,,,0.000742040000,   0.00040,
,,,0.000742060000,   0.00120,
,,,0.000742080000,   0.00040,
,,,0.000742100000,   0.00040,
,,,0.000742120000,   0.00120,
,,,0.000742140000,   0.00080,
,,,0.000742160000,   0.00120,
,,,0.000742180000,   0.00040,
,,,0.000742200000,   0.00040,
,,,0.000742220000,   0.00000,
,,,0.000742240000,   0.00000,
,,,0.000742260000,   0.00080,
,,,0.000742280000,   0.00040,
,,,0.000742300000,   0.00160,
,,,0.000742320000,   0.00080,
,,,0.000742340000,   0.00000,
,,,0.000742360000,   0.00040,
,,,0.000742380000,   0.00080,
,,,0.000742400000,   0.00080,
,,,0.000742420000,   0.00080,
,,,0.000742440000,   0.00120,
,,,0.000742460000,   0.00000,
,,,0.000742480000,   0.00040,
,,,0.000742500000,   0.00000,
,,,0.000742520000,  -0.00040,
,,,0.000742540000,   0.00080,
,,,0.000742560000,   0.00120,
,,,0.000742580000,   0.00080,
,,,0.000742600000,   0.00120,
,,,0.000742620000,   0.00080,
,,,0.000742640000,   0.00040,
,,,0.000742660000,   0.00000,
,,,0.000742680000,   0.00080,
,,,0.000742700000,   0.00080,
,,,0.000742720000,   0.00120,
,,,0.000742740000,   0.00120,
,,,0.000742760000,   0.00080,
,,,0.000742780000,   0.00040,
,,,0.000742800000,   0.00080,
,,,0.000742820000,   0.00040,
,,,0.000742840000,   0.00120,
,,,0.000742860000,   0.00080,
,,,0.000742880000,   0.00080,
,,,0.000742900000,   0.00040,
,,,0.000742920000,   0.00040,
,,,0.000742940000,   0.00000,
,,,0.000742960000,   0.00040,
,,,0.000742980000,   0.00000,
,,,0.000743000000,   0.00080,
,,,0.000743020000,   0.00040,
,,,0.000743040000,   0.00040,
,,,0.000743060000,   0.00080,
,,,0.000743080000,  -0.00040,
,,,0.000743100000,   0.00040,
,,,0.000743120000,   0.00120,
,,,0.000743140000,   0.00120,
,,,0.000743160000,   0.00040,
,,,0.000743180000,   0.00040,
,,,0.000743200000,   0.00080,
,,,0.000743220000,   0.00040,
,,,0.000743240000,   0.00080,
,,,0.000743260000,   0.00080,
,,,0.000743280000,   0.00040,
,,,0.000743300000,   0.00080,
,,,0.000743320000,   0.00080,
,,,0.000743340000,  -0.00040,
,,,0.000743360000,   0.00000,
,,,0.000743380000,   0.00000,
,,,0.000743400000,   0.00080,
,,,0.000743420000,   0.00040,
,,,0.000743440000,   0.00080,
,,,0.000743460000,   0.00000,
,,,0.000743480000,   0.00000,
,,,0.000743500000,   0.00000,
,,,0.000743520000,   0.00080,
,,,0.000743540000,   0.00000,
,,,0.000743560000,   0.00040,
,,,0.000743580000,   0.00000,
,,,0.000743600000,   0.00080,
,,,0.000743620000,   0.00040,
,,,0.000743640000,   0.00000,
,,,0.000743660000,   0.00000,
,,,0.000743680000,   0.00000,
,,,0.000743700000,   0.00040,
,,,0.000743720000,   0.00080,
,,,0.000743740000,  -0.00040,
,,,0.000743760000,   0.00040,
,,,0.000743780000,  -0.00040,
,,,0.000743800000,   0.00000,
,,,0.000743820000,   0.00040,
,,,0.000743840000,   0.00040,
,,,0.000743860000,   0.00040,
,,,0.000743880000,   0.00000,
,,,0.000743900000,   0.00040,
,,,0.000743920000,   0.00040,
,,,0.000743940000,   0.00000,
,,,0.000743960000,   0.00080,
,,,0.000743980000,   0.00080,
,,,0.000744000000,   0.00080,
,,,0.000744020000,   0.00120,
,,,0.000744040000,   0.00120,
,,,0.000744060000,   0.00040,
,,,0.000744080000,   0.00040,
,,,0.000744100000,   0.00040,
,,,0.000744120000,  -0.00040,
,,,0.000744140000,   0.00080,
,,,0.000744160000,   0.00040,
,,,0.000744180000,   0.00000,
,,,0.000744200000,   0.00040,
,,,0.000744220000,   0.00000,
,,,0.000744240000,   0.00040,
,,,0.000744260000,   0.00000,
,,,0.000744280000,   0.00080,
,,,0.000744300000,   0.00040,
,,,0.000744320000,   0.00040,
,,,0.000744340000,   0.00040,
,,,0.000744360000,  -0.00040,
,,,0.000744380000,   0.00000,
,,,0.000744400000,   0.00000,
,,,0.000744420000,   0.00000,
,,,0.000744440000,   0.00080,
,,,0.000744460000,   0.00040,
,,,0.000744480000,   0.00040,
,,,0.000744500000,   0.00040,
,,,0.000744520000,   0.00040,
,,,0.000744540000,   0.00040,
,,,0.000744560000,   0.00080,
,,,0.000744580000,   0.00080,
,,,0.000744600000,   0.00080,
,,,0.000744620000,   0.00000,
,,,0.000744640000,   0.00000,
,,,0.000744660000,   0.00000,
,,,0.000744680000,   0.00000,
,,,0.000744700000,   0.00080,
,,,0.000744720000,   0.00120,
,,,0.000744740000,   0.00000,
,,,0.000744760000,   0.00080,
,,,0.000744780000,   0.00080,
,,,0.000744800000,   0.00040,
,,,0.000744820000,   0.00000,
,,,0.000744840000,   0.00080,
,,,0.000744860000,   0.00080,
,,,0.000744880000,   0.00040,
,,,0.000744900000,   0.00040,
,,,0.000744920000,   0.00000,
,,,0.000744940000,  -0.00040,
,,,0.000744960000,   0.00080,
,,,0.000744980000,   0.00080,
,,,0.000745000000,   0.00000,
,,,0.000745020000,   0.00120,
,,,0.000745040000,   0.00000,
,,,0.000745060000,  -0.00080,
,,,0.000745080000,   0.00000,
,,,0.000745100000,   0.00000,
,,,0.000745120000,   0.00080,
,,,0.000745140000,   0.00040,
,,,0.000745160000,   0.00040,
,,,0.000745180000,   0.00000,
,,,0.000745200000,   0.00000,
,,,0.000745220000,   0.00040,
,,,0.000745240000,   0.00160,
,,,0.000745260000,   0.00080,
,,,0.000745280000,   0.00080,
,,,0.000745300000,   0.00080,
,,,0.000745320000,   0.00000,
,,,0.000745340000,   0.00080,
,,,0.000745360000,   0.00040,
,,,0.000745380000,  -0.00040,
,,,0.000745400000,   0.00080,
,,,0.000745420000,   0.00080,
,,,0.000745440000,   0.00040,
,,,0.000745460000,   0.00040,
,,,0.000745480000,   0.00000,
,,,0.000745500000,   0.00000,
,,,0.000745520000,   0.00040,
,,,0.000745540000,   0.00000,
,,,0.000745560000,   0.00040,
,,,0.000745580000,   0.00040,
,,,0.000745600000,   0.00080,
,,,0.000745620000,   0.00000,
,,,0.000745640000,   0.00000,
,,,0.000745660000,  -0.00040,
,,,0.000745680000,  -0.00040,
,,,0.000745700000,   0.00040,
,,,0.000745720000,   0.00000,
,,,0.000745740000,   0.00040,
,,,0.000745760000,   0.00040,
,,,0.000745780000,   0.00000,
,,,0.000745800000,   0.00040,
,,,0.000745820000,   0.00040,
,,,0.000745840000,   0.00000,
,,,0.000745860000,   0.00000,
,,,0.000745880000,   0.00080,
,,,0.000745900000,   0.00120,
,,,0.000745920000,   0.00080,
,,,0.000745940000,   0.00040,
,,,0.000745960000,   0.00040,
,,,0.000745980000,   0.00040,
,,,0.000746000000,   0.00120,
,,,0.000746020000,   0.00080,
,,,0.000746040000,   0.00000,
,,,0.000746060000,   0.00000,
,,,0.000746080000,   0.00080,
,,,0.000746100000,   0.00040,
,,,0.000746120000,   0.00120,
,,,0.000746140000,   0.00040,
,,,0.000746160000,   0.00080,
,,,0.000746180000,   0.00120,
,,,0.000746200000,   0.00080,
,,,0.000746220000,   0.00040,
,,,0.000746240000,   0.00040,
,,,0.000746260000,   0.00120,
,,,0.000746280000,   0.00080,
,,,0.000746300000,   0.00080,
,,,0.000746320000,   0.00040,
,,,0.000746340000,   0.00080,
,,,0.000746360000,   0.00000,
,,,0.000746380000,  -0.00040,
,,,0.000746400000,   0.00000,
,,,0.000746420000,   0.00080,
,,,0.000746440000,   0.00040,
,,,0.000746460000,   0.00000,
,,,0.000746480000,  -0.00040,
,,,0.000746500000,   0.00040,
,,,0.000746520000,  -0.00040,
,,,0.000746540000,   0.00000,
,,,0.000746560000,   0.00040,
,,,0.000746580000,   0.00040,
,,,0.000746600000,   0.00000,
,,,0.000746620000,   0.00000,
,,,0.000746640000,   0.00040,
,,,0.000746660000,   0.00000,
,,,0.000746680000,  -0.00040,
,,,0.000746700000,   0.00040,
,,,0.000746720000,   0.00120,
,,,0.000746740000,   0.00120,
,,,0.000746760000,   0.00040,
,,,0.000746780000,   0.00040,
,,,0.000746800000,   0.00040,
,,,0.000746820000,   0.00040,
,,,0.000746840000,   0.00040,
,,,0.000746860000,   0.00120,
,,,0.000746880000,   0.00000,
,,,0.000746900000,   0.00080,
,,,0.000746920000,   0.00080,
,,,0.000746940000,   0.00080,
,,,0.000746960000,   0.00080,
,,,0.000746980000,  -0.00040,
,,,0.000747000000,   0.00080,
,,,0.000747020000,   0.00040,
,,,0.000747040000,   0.00040,
,,,0.000747060000,   0.00080,
,,,0.000747080000,   0.00040,
,,,0.000747100000,   0.00000,
,,,0.000747120000,   0.00120,
,,,0.000747140000,   0.00080,
,,,0.000747160000,   0.00080,
,,,0.000747180000,   0.00120,
,,,0.000747200000,   0.00000,
,,,0.000747220000,   0.00000,
,,,0.000747240000,  -0.00040,
,,,0.000747260000,   0.00000,
,,,0.000747280000,   0.00080,
,,,0.000747300000,   0.00000,
,,,0.000747320000,   0.00120,
,,,0.000747340000,   0.00040,
,,,0.000747360000,   0.00000,
,,,0.000747380000,   0.00000,
,,,0.000747400000,   0.00080,
,,,0.000747420000,   0.00040,
,,,0.000747440000,   0.00120,
,,,0.000747460000,   0.00040,
,,,0.000747480000,   0.00040,
,,,0.000747500000,   0.00000,
,,,0.000747520000,   0.00000,
,,,0.000747540000,   0.00000,
,,,0.000747560000,   0.00080,
,,,0.000747580000,   0.00120,
,,,0.000747600000,   0.00040,
,,,0.000747620000,   0.00080,
,,,0.000747640000,   0.00000,
,,,0.000747660000,   0.00040,
,,,0.000747680000,   0.00000,
,,,0.000747700000,   0.00040,
,,,0.000747720000,   0.00080,
,,,0.000747740000,   0.00080,
,,,0.000747760000,   0.00080,
,,,0.000747780000,   0.00040,
,,,0.000747800000,   0.00000,
,,,0.000747820000,   0.00040,
,,,0.000747840000,   0.00000,
,,,0.000747860000,   0.00080,
,,,0.000747880000,   0.00080,
,,,0.000747900000,   0.00080,
,,,0.000747920000,   0.00080,
,,,0.000747940000,   0.00080,
,,,0.000747960000,   0.00080,
,,,0.000747980000,   0.00040,
,,,0.000748000000,   0.00120,
,,,0.000748020000,   0.00120,
,,,0.000748040000,   0.00040,
,,,0.000748060000,   0.00040,
,,,0.000748080000,  -0.01040,
,,,0.000748100000,  -0.02760,
,,,0.000748120000,  -0.03360,
,,,0.000748140000,  -0.03320,
,,,0.000748160000,  -0.01560,
,,,0.000748180000,  -0.01040,
,,,0.000748200000,  -0.00840,
,,,0.000748220000,  -0.00600,
,,,0.000748240000,  -0.00560,
,,,0.000748260000,  -0.00440,
,,,0.000748280000,  -0.00560,
,,,0.000748300000,  -0.00400,
,,,0.000748320000,  -0.00520,
,,,0.000748340000,  -0.00440,
,,,0.000748360000,  -0.00520,
,,,0.000748380000,  -0.00560,
,,,0.000748400000,  -0.00480,
,,,0.000748420000,  -0.00600,
,,,0.000748440000,  -0.00520,
,,,0.000748460000,  -0.00640,
,,,0.000748480000,  -0.00640,
,,,0.000748500000,  -0.00680,
,,,0.000748520000,  -0.00720,
,,,0.000748540000,  -0.00720,
,,,0.000748560000,  -0.00680,
,,,0.000748580000,  -0.00720,
,,,0.000748600000,  -0.00760,
,,,0.000748620000,  -0.00800,
,,,0.000748640000,  -0.00880,
,,,0.000748660000,  -0.00920,
,,,0.000748680000,  -0.00920,
,,,0.000748700000,  -0.00920,
,,,0.000748720000,  -0.01000,
,,,0.000748740000,  -0.01000,
,,,0.000748760000,  -0.01000,
,,,0.000748780000,  -0.01120,
,,,0.000748800000,  -0.01120,
,,,0.000748820000,  -0.01080,
,,,0.000748840000,  -0.01160,
,,,0.000748860000,  -0.01200,
,,,0.000748880000,  -0.01200,
,,,0.000748900000,  -0.01200,
,,,0.000748920000,  -0.01240,
,,,0.000748940000,  -0.01440,
,,,0.000748960000,  -0.01360,
,,,0.000748980000,  -0.01400,
,,,0.000749000000,  -0.01360,
,,,0.000749020000,  -0.01480,
,,,0.000749040000,  -0.01480,
,,,0.000749060000,  -0.01520,
,,,0.000749080000,  -0.01600,
,,,0.000749100000,  -0.01560,
,,,0.000749120000,  -0.01640,
,,,0.000749140000,  -0.01600,
,,,0.000749160000,  -0.01600,
,,,0.000749180000,  -0.01680,
,,,0.000749200000,  -0.01760,
,,,0.000749220000,  -0.01760,
,,,0.000749240000,  -0.01880,
,,,0.000749260000,  -0.01760,
,,,0.000749280000,  -0.01880,
,,,0.000749300000,  -0.01840,
,,,0.000749320000,  -0.01920,
,,,0.000749340000,  -0.01960,
,,,0.000749360000,  -0.01960,
,,,0.000749380000,  -0.02080,
,,,0.000749400000,  -0.02040,
,,,0.000749420000,  -0.02120,
,,,0.000749440000,  -0.02120,
,,,0.000749460000,  -0.02160,
,,,0.000749480000,  -0.02200,
,,,0.000749500000,  -0.02200,
,,,0.000749520000,  -0.02240,
,,,0.000749540000,  -0.02280,
,,,0.000749560000,  -0.02320,
,,,0.000749580000,  -0.02320,
,,,0.000749600000,  -0.02280,
,,,0.000749620000,  -0.02400,
,,,0.000749640000,  -0.02400,
,,,0.000749660000,  -0.02520,
,,,0.000749680000,  -0.02480,
,,,0.000749700000,  -0.02440,
,,,0.000749720000,  -0.02480,
,,,0.000749740000,  -0.02520,
,,,0.000749760000,  -0.02560,
,,,0.000749780000,  -0.02600,
,,,0.000749800000,  -0.02600,
,,,0.000749820000,  -0.02600,
,,,0.000749840000,  -0.02680,
,,,0.000749860000,  -0.02640,
,,,0.000749880000,  -0.02680,
,,,0.000749900000,  -0.02720,
,,,0.000749920000,  -0.02680,
,,,0.000749940000,  -0.02840,
,,,0.000749960000,  -0.02840,
,,,0.000749980000,  -0.02800,
,,,0.000750000000,  -0.02800,
,,,0.000750020000,  -0.02840,
,,,0.000750040000,  -0.02840,
,,,0.000750060000,  -0.02880,
,,,0.000750080000,  -0.03000,
,,,0.000750100000,  -0.03000,
,,,0.000750120000,  -0.02960,
,,,0.000750140000,  -0.03040,
,,,0.000750160000,  -0.03040,
,,,0.000750180000,  -0.02960,
,,,0.000750200000,  -0.03040,
,,,0.000750220000,  -0.03160,
,,,0.000750240000,  -0.03120,
,,,0.000750260000,  -0.03120,
,,,0.000750280000,  -0.03120,
,,,0.000750300000,  -0.03120,
,,,0.000750320000,  -0.03120,
,,,0.000750340000,  -0.03240,
,,,0.000750360000,  -0.03200,
,,,0.000750380000,  -0.03320,
,,,0.000750400000,  -0.03320,
,,,0.000750420000,  -0.03280,
,,,0.000750440000,  -0.03240,
,,,0.000750460000,  -0.03280,
,,,0.000750480000,  -0.03400,
,,,0.000750500000,  -0.03360,
,,,0.000750520000,  -0.03400,
,,,0.000750540000,  -0.03400,
,,,0.000750560000,  -0.03360,
,,,0.000750580000,  -0.03440,
,,,0.000750600000,  -0.03520,
,,,0.000750620000,  -0.03480,
,,,0.000750640000,  -0.03520,
,,,0.000750660000,  -0.03520,
,,,0.000750680000,  -0.03600,
,,,0.000750700000,  -0.03600,
,,,0.000750720000,  -0.03560,
,,,0.000750740000,  -0.03600,
,,,0.000750760000,  -0.03600,
,,,0.000750780000,  -0.03680,
,,,0.000750800000,  -0.03720,
,,,0.000750820000,  -0.03600,
,,,0.000750840000,  -0.03640,
,,,0.000750860000,  -0.03680,
,,,0.000750880000,  -0.03680,
,,,0.000750900000,  -0.03800,
,,,0.000750920000,  -0.03760,
,,,0.000750940000,  -0.03840,
,,,0.000750960000,  -0.03800,
,,,0.000750980000,  -0.03880,
,,,0.000751000000,  -0.03760,
,,,0.000751020000,  -0.03760,
,,,0.000751040000,  -0.03840,
,,,0.000751060000,  -0.03880,
,,,0.000751080000,  -0.03960,
,,,0.000751100000,  -0.04000,
,,,0.000751120000,  -0.03880,
,,,0.000751140000,  -0.03880,
,,,0.000751160000,  -0.03960,
,,,0.000751180000,  -0.03960,
,,,0.000751200000,  -0.03920,
,,,0.000751220000,  -0.03960,
,,,0.000751240000,  -0.03960,
,,,0.000751260000,  -0.04040,
,,,0.000751280000,  -0.03960,
,,,0.000751300000,  -0.04000,
,,,0.000751320000,  -0.04000,
,,,0.000751340000,  -0.04040,
,,,0.000751360000,  -0.04120,
,,,0.000751380000,  -0.04040,
,,,0.000751400000,  -0.04080,
,,,0.000751420000,  -0.04000,
,,,0.000751440000,  -0.04120,
,,,0.000751460000,  -0.04120,
,,,0.000751480000,  -0.04120,
,,,0.000751500000,  -0.04120,
,,,0.000751520000,  -0.04120,
,,,0.000751540000,  -0.04120,
,,,0.000751560000,  -0.04160,
,,,0.000751580000,  -0.04080,
,,,0.000751600000,  -0.04120,
,,,0.000751620000,  -0.04160,
,,,0.000751640000,  -0.04240,
,,,0.000751660000,  -0.04200,
,,,0.000751680000,  -0.04200,
,,,0.000751700000,  -0.04200,
,,,0.000751720000,  -0.04200,
,,,0.000751740000,  -0.04200,
,,,0.000751760000,  -0.04200,
,,,0.000751780000,  -0.04320,
,,,0.000751800000,  -0.04280,
,,,0.000751820000,  -0.04280,
,,,0.000751840000,  -0.04320,
,,,0.000751860000,  -0.04240,
,,,0.000751880000,  -0.04280,
,,,0.000751900000,  -0.04240,
,,,0.000751920000,  -0.04360,
,,,0.000751940000,  -0.04280,
,,,0.000751960000,  -0.04240,
,,,0.000751980000,  -0.04280,
,,,0.000752000000,  -0.04280,
,,,0.000752020000,  -0.04360,
,,,0.000752040000,  -0.04280,
,,,0.000752060000,  -0.04320,
,,,0.000752080000,  -0.04320,
,,,0.000752100000,  -0.04360,
,,,0.000752120000,  -0.04360,
,,,0.000752140000,  -0.04280,
,,,0.000752160000,  -0.04360,
,,,0.000752180000,  -0.04320,
,,,0.000752200000,  -0.04360,
,,,0.000752220000,  -0.04400,
,,,0.000752240000,  -0.04360,
,,,0.000752260000,  -0.04320,
,,,0.000752280000,  -0.04400,
,,,0.000752300000,  -0.04360,
,,,0.000752320000,  -0.04440,
,,,0.000752340000,  -0.04440,
,,,0.000752360000,  -0.04400,
,,,0.000752380000,  -0.04320,
,,,0.000752400000,  -0.04520,
,,,0.000752420000,  -0.04520,
,,,0.000752440000,  -0.04400,
,,,0.000752460000,  -0.04360,
,,,0.000752480000,  -0.04400,
,,,0.000752500000,  -0.04440,
,,,0.000752520000,  -0.04440,
,,,0.000752540000,  -0.04440,
,,,0.000752560000,  -0.04440,
,,,0.000752580000,  -0.04440,
,,,0.000752600000,  -0.04440,
,,,0.000752620000,  -0.04480,
,,,0.000752640000,  -0.04520,
,,,0.000752660000,  -0.04520,
,,,0.000752680000,  -0.04520,
,,,0.000752700000,  -0.04480,
,,,0.000752720000,  -0.04400,
,,,0.000752740000,  -0.04400,
,,,0.000752760000,  -0.04440,
,,,0.000752780000,  -0.04560,
,,,0.000752800000,  -0.04480,
,,,0.000752820000,  -0.04480,
,,,0.000752840000,  -0.04480,
,,,0.000752860000,  -0.04400,
,,,0.000752880000,  -0.04480,
,,,0.000752900000,  -0.04440,
,,,0.000752920000,  -0.04400,
,,,0.000752940000,  -0.04520,
,,,0.000752960000,  -0.04520,
,,,0.000752980000,  -0.04480,
,,,0.000753000000,  -0.04480,
,,,0.000753020000,  -0.04440,
,,,0.000753040000,  -0.04400,
,,,0.000753060000,  -0.04440,
,,,0.000753080000,  -0.04480,
,,,0.000753100000,  -0.04440,
,,,0.000753120000,  -0.04480,
,,,0.000753140000,  -0.04440,
,,,0.000753160000,  -0.04480,
,,,0.000753180000,  -0.04480,
,,,0.000753200000,  -0.04520,
,,,0.000753220000,  -0.04440,
,,,0.000753240000,  -0.04520,
,,,0.000753260000,  -0.04520,
,,,0.000753280000,  -0.04400,
,,,0.000753300000,  -0.04440,
,,,0.000753320000,  -0.04440,
,,,0.000753340000,  -0.04560,
,,,0.000753360000,  -0.04480,
,,,0.000753380000,  -0.04480,
,,,0.000753400000,  -0.04440,
,,,0.000753420000,  -0.04480,
,,,0.000753440000,  -0.04520,
,,,0.000753460000,  -0.04360,
,,,0.000753480000,  -0.04440,
,,,0.000753500000,  -0.04480,
,,,0.000753520000,  -0.04480,
,,,0.000753540000,  -0.04520,
,,,0.000753560000,  -0.04520,
,,,0.000753580000,  -0.04480,
,,,0.000753600000,  -0.04440,
,,,0.000753620000,  -0.04520,
,,,0.000753640000,  -0.04480,
,,,0.000753660000,  -0.04520,
,,,0.000753680000,  -0.04480,
,,,0.000753700000,  -0.04480,
,,,0.000753720000,  -0.04400,
,,,0.000753740000,  -0.04400,
,,,0.000753760000,  -0.04400,
,,,0.000753780000,  -0.04480,
,,,0.000753800000,  -0.04480,
,,,0.000753820000,  -0.04480,
,,,0.000753840000,  -0.04400,
,,,0.000753860000,  -0.04360,
,,,0.000753880000,  -0.04440,
,,,0.000753900000,  -0.04440,
,,,0.000753920000,  -0.04400,
,,,0.000753940000,  -0.04400,
,,,0.000753960000,  -0.04400,
,,,0.000753980000,  -0.04400,
,,,0.000754000000,  -0.04400,
,,,0.000754020000,  -0.04360,
,,,0.000754040000,  -0.04400,
,,,0.000754060000,  -0.04440,
,,,0.000754080000,  -0.04360,
,,,0.000754100000,  -0.04360,
,,,0.000754120000,  -0.04320,
,,,0.000754140000,  -0.04280,
,,,0.000754160000,  -0.04280,
,,,0.000754180000,  -0.04320,
,,,0.000754200000,  -0.04360,
,,,0.000754220000,  -0.04320,
,,,0.000754240000,  -0.04360,
,,,0.000754260000,  -0.04320,
,,,0.000754280000,  -0.04360,
,,,0.000754300000,  -0.04280,
,,,0.000754320000,  -0.04280,
,,,0.000754340000,  -0.04360,
,,,0.000754360000,  -0.04320,
,,,0.000754380000,  -0.04320,
,,,0.000754400000,  -0.04280,
,,,0.000754420000,  -0.04280,
,,,0.000754440000,  -0.04240,
,,,0.000754460000,  -0.04240,
,,,0.000754480000,  -0.04320,
,,,0.000754500000,  -0.04280,
,,,0.000754520000,  -0.04320,
,,,0.000754540000,  -0.04320,
,,,0.000754560000,  -0.04320,
,,,0.000754580000,  -0.04200,
,,,0.000754600000,  -0.04240,
,,,0.000754620000,  -0.04240,
,,,0.000754640000,  -0.04320,
,,,0.000754660000,  -0.04320,
,,,0.000754680000,  -0.04240,
,,,0.000754700000,  -0.04120,
,,,0.000754720000,  -0.04240,
,,,0.000754740000,  -0.04240,
,,,0.000754760000,  -0.04200,
,,,0.000754780000,  -0.04160,
,,,0.000754800000,  -0.04240,
,,,0.000754820000,  -0.04200,
,,,0.000754840000,  -0.04240,
,,,0.000754860000,  -0.04160,
,,,0.000754880000,  -0.04120,
,,,0.000754900000,  -0.04120,
,,,0.000754920000,  -0.04120,
,,,0.000754940000,  -0.04160,
,,,0.000754960000,  -0.04160,
,,,0.000754980000,  -0.04120,
,,,0.000755000000,  -0.04080,
,,,0.000755020000,  -0.04080,
,,,0.000755040000,  -0.04080,
,,,0.000755060000,  -0.04160,
,,,0.000755080000,  -0.04120,
,,,0.000755100000,  -0.04080,
,,,0.000755120000,  -0.04080,
,,,0.000755140000,  -0.04120,
,,,0.000755160000,  -0.04120,
,,,0.000755180000,  -0.04040,
,,,0.000755200000,  -0.04120,
,,,0.000755220000,  -0.04120,
,,,0.000755240000,  -0.04000,
,,,0.000755260000,  -0.04080,
,,,0.000755280000,  -0.04080,
,,,0.000755300000,  -0.03960,
,,,0.000755320000,  -0.04040,
,,,0.000755340000,  -0.04040,
,,,0.000755360000,  -0.04040,
,,,0.000755380000,  -0.04040,
,,,0.000755400000,  -0.04040,
,,,0.000755420000,  -0.04000,
,,,0.000755440000,  -0.03920,
,,,0.000755460000,  -0.03920,
,,,0.000755480000,  -0.04000,
,,,0.000755500000,  -0.04000,
,,,0.000755520000,  -0.04040,
,,,0.000755540000,  -0.03960,
,,,0.000755560000,  -0.03920,
,,,0.000755580000,  -0.03920,
,,,0.000755600000,  -0.03960,
,,,0.000755620000,  -0.03960,
,,,0.000755640000,  -0.03920,
,,,0.000755660000,  -0.03920,
,,,0.000755680000,  -0.03880,
,,,0.000755700000,  -0.03880,
,,,0.000755720000,  -0.03880,
,,,0.000755740000,  -0.03800,
,,,0.000755760000,  -0.03840,
,,,0.000755780000,  -0.03960,
,,,0.000755800000,  -0.03840,
,,,0.000755820000,  -0.03800,
,,,0.000755840000,  -0.03760,
,,,0.000755860000,  -0.03760,
,,,0.000755880000,  -0.03760,
,,,0.000755900000,  -0.03760,
,,,0.000755920000,  -0.03760,
,,,0.000755940000,  -0.03840,
,,,0.000755960000,  -0.03720,
,,,0.000755980000,  -0.03760,
,,,0.000756000000,  -0.03760,
,,,0.000756020000,  -0.03720,
,,,0.000756040000,  -0.03760,
,,,0.000756060000,  -0.03720,
,,,0.000756080000,  -0.03720,
,,,0.000756100000,  -0.03640,
,,,0.000756120000,  -0.03680,
,,,0.000756140000,  -0.03640,
,,,0.000756160000,  -0.03680,
,,,0.000756180000,  -0.03680,
,,,0.000756200000,  -0.03640,
,,,0.000756220000,  -0.03640,
,,,0.000756240000,  -0.03680,
,,,0.000756260000,  -0.03680,
,,,0.000756280000,  -0.03640,
,,,0.000756300000,  -0.03520,
,,,0.000756320000,  -0.03560,
,,,0.000756340000,  -0.03600,
,,,0.000756360000,  -0.03600,
,,,0.000756380000,  -0.03560,
,,,0.000756400000,  -0.03560,
,,,0.000756420000,  -0.03560,
,,,0.000756440000,  -0.03520,
,,,0.000756460000,  -0.03480,
,,,0.000756480000,  -0.03520,
,,,0.000756500000,  -0.03560,
,,,0.000756520000,  -0.03520,
,,,0.000756540000,  -0.03520,
,,,0.000756560000,  -0.03480,
,,,0.000756580000,  -0.03440,
,,,0.000756600000,  -0.03440,
,,,0.000756620000,  -0.03560,
,,,0.000756640000,  -0.03520,
,,,0.000756660000,  -0.03440,
,,,0.000756680000,  -0.03480,
,,,0.000756700000,  -0.03440,
,,,0.000756720000,  -0.03480,
,,,0.000756740000,  -0.03480,
,,,0.000756760000,  -0.03360,
,,,0.000756780000,  -0.03400,
,,,0.000756800000,  -0.03400,
,,,0.000756820000,  -0.03400,
,,,0.000756840000,  -0.03360,
,,,0.000756860000,  -0.03360,
,,,0.000756880000,  -0.03360,
,,,0.000756900000,  -0.03320,
,,,0.000756920000,  -0.03440,
,,,0.000756940000,  -0.03360,
,,,0.000756960000,  -0.03320,
,,,0.000756980000,  -0.03320,
,,,0.000757000000,  -0.03320,
,,,0.000757020000,  -0.03280,
,,,0.000757040000,  -0.03280,
,,,0.000757060000,  -0.03280,
,,,0.000757080000,  -0.03240,
,,,0.000757100000,  -0.03320,
,,,0.000757120000,  -0.03280,
,,,0.000757140000,  -0.03280,
,,,0.000757160000,  -0.03200,
,,,0.000757180000,  -0.03160,
,,,0.000757200000,  -0.03240,
,,,0.000757220000,  -0.03200,
,,,0.000757240000,  -0.03280,
,,,0.000757260000,  -0.03160,
,,,0.000757280000,  -0.03200,
,,,0.000757300000,  -0.03120,
,,,0.000757320000,  -0.03080,
,,,0.000757340000,  -0.03160,
,,,0.000757360000,  -0.03160,
,,,0.000757380000,  -0.03280,
,,,0.000757400000,  -0.03120,
,,,0.000757420000,  -0.03040,
,,,0.000757440000,  -0.03040,
,,,0.000757460000,  -0.03040,
,,,0.000757480000,  -0.03120,
,,,0.000757500000,  -0.03120,
,,,0.000757520000,  -0.03080,
,,,0.000757540000,  -0.03080,
,,,0.000757560000,  -0.03000,
,,,0.000757580000,  -0.03080,
,,,0.000757600000,  -0.03040,
,,,0.000757620000,  -0.03080,
,,,0.000757640000,  -0.03080,
,,,0.000757660000,  -0.03040,
,,,0.000757680000,  -0.03000,
,,,0.000757700000,  -0.03000,
,,,0.000757720000,  -0.02960,
,,,0.000757740000,  -0.02880,
,,,0.000757760000,  -0.03040,
,,,0.000757780000,  -0.02920,
,,,0.000757800000,  -0.02960,
,,,0.000757820000,  -0.02960,
,,,0.000757840000,  -0.02880,
,,,0.000757860000,  -0.02880,
,,,0.000757880000,  -0.02800,
,,,0.000757900000,  -0.02880,
,,,0.000757920000,  -0.02880,
,,,0.000757940000,  -0.02920,
,,,0.000757960000,  -0.02840,
,,,0.000757980000,  -0.02920,
,,,0.000758000000,  -0.02840,
,,,0.000758020000,  -0.02880,
,,,0.000758040000,  -0.02800,
,,,0.000758060000,  -0.02840,
,,,0.000758080000,  -0.02840,
,,,0.000758100000,  -0.02760,
,,,0.000758120000,  -0.02720,
,,,0.000758140000,  -0.02760,
,,,0.000758160000,  -0.02760,
,,,0.000758180000,  -0.02720,
,,,0.000758200000,  -0.02760,
,,,0.000758220000,  -0.02760,
,,,0.000758240000,  -0.02760,
,,,0.000758260000,  -0.02720,
,,,0.000758280000,  -0.02680,
,,,0.000758300000,  -0.02680,
,,,0.000758320000,  -0.02720,
,,,0.000758340000,  -0.02680,
,,,0.000758360000,  -0.02680,
,,,0.000758380000,  -0.02720,
,,,0.000758400000,  -0.02720,
,,,0.000758420000,  -0.02640,
,,,0.000758440000,  -0.02680,
,,,0.000758460000,  -0.02600,
,,,0.000758480000,  -0.02640,
,,,0.000758500000,  -0.02600,
,,,0.000758520000,  -0.02640,
,,,0.000758540000,  -0.02560,
,,,0.000758560000,  -0.02520,
,,,0.000758580000,  -0.02600,
,,,0.000758600000,  -0.02600,
,,,0.000758620000,  -0.02560,
,,,0.000758640000,  -0.02600,
,,,0.000758660000,  -0.02600,
,,,0.000758680000,  -0.02480,
,,,0.000758700000,  -0.02560,
,,,0.000758720000,  -0.02520,
,,,0.000758740000,  -0.02480,
,,,0.000758760000,  -0.02480,
,,,0.000758780000,  -0.02520,
,,,0.000758800000,  -0.02520,
,,,0.000758820000,  -0.02520,
,,,0.000758840000,  -0.02480,
,,,0.000758860000,  -0.02440,
,,,0.000758880000,  -0.02360,
,,,0.000758900000,  -0.02440,
,,,0.000758920000,  -0.02440,
,,,0.000758940000,  -0.02520,
,,,0.000758960000,  -0.02480,
,,,0.000758980000,  -0.02400,
,,,0.000759000000,  -0.02360,
,,,0.000759020000,  -0.02400,
,,,0.000759040000,  -0.02360,
,,,0.000759060000,  -0.02320,
,,,0.000759080000,  -0.02280,
,,,0.000759100000,  -0.02360,
,,,0.000759120000,  -0.02320,
,,,0.000759140000,  -0.02280,
,,,0.000759160000,  -0.02240,
,,,0.000759180000,  -0.02360,
,,,0.000759200000,  -0.02320,
,,,0.000759220000,  -0.02320,
,,,0.000759240000,  -0.02320,
,,,0.000759260000,  -0.02280,
,,,0.000759280000,  -0.02240,
,,,0.000759300000,  -0.02280,
,,,0.000759320000,  -0.02240,
,,,0.000759340000,  -0.02320,
,,,0.000759360000,  -0.02320,
,,,0.000759380000,  -0.02320,
,,,0.000759400000,  -0.02200,
,,,0.000759420000,  -0.02160,
,,,0.000759440000,  -0.02240,
,,,0.000759460000,  -0.02240,
,,,0.000759480000,  -0.02240,
,,,0.000759500000,  -0.02240,
,,,0.000759520000,  -0.02200,
,,,0.000759540000,  -0.02160,
,,,0.000759560000,  -0.02200,
,,,0.000759580000,  -0.02080,
,,,0.000759600000,  -0.02120,
,,,0.000759620000,  -0.02040,
,,,0.000759640000,  -0.02120,
,,,0.000759660000,  -0.02160,
,,,0.000759680000,  -0.02120,
,,,0.000759700000,  -0.02120,
,,,0.000759720000,  -0.02040,
,,,0.000759740000,  -0.02040,
,,,0.000759760000,  -0.02040,
,,,0.000759780000,  -0.02040,
,,,0.000759800000,  -0.02000,
,,,0.000759820000,  -0.02000,
,,,0.000759840000,  -0.02000,
,,,0.000759860000,  -0.02000,
,,,0.000759880000,  -0.01960,
,,,0.000759900000,  -0.01920,
,,,0.000759920000,  -0.01960,
,,,0.000759940000,  -0.01960,
,,,0.000759960000,  -0.01960,
,,,0.000759980000,  -0.01960,
,,,0.000760000000,  -0.01960,
,,,0.000760020000,  -0.01880,
,,,0.000760040000,  -0.01880,
,,,0.000760060000,  -0.01920,
,,,0.000760080000,  -0.01920,
,,,0.000760100000,  -0.01960,
,,,0.000760120000,  -0.01880,
,,,0.000760140000,  -0.01960,
,,,0.000760160000,  -0.01840,
,,,0.000760180000,  -0.01880,
,,,0.000760200000,  -0.01800,
,,,0.000760220000,  -0.01840,
,,,0.000760240000,  -0.01840,
,,,0.000760260000,  -0.01800,
,,,0.000760280000,  -0.01800,
,,,0.000760300000,  -0.01800,
,,,0.000760320000,  -0.01800,
,,,0.000760340000,  -0.01720,
,,,0.000760360000,  -0.01840,
,,,0.000760380000,  -0.01800,
,,,0.000760400000,  -0.01840,
,,,0.000760420000,  -0.01800,
,,,0.000760440000,  -0.01720,
,,,0.000760460000,  -0.01720,
,,,0.000760480000,  -0.01760,
,,,0.000760500000,  -0.01760,
,,,0.000760520000,  -0.01800,
,,,0.000760540000,  -0.01720,
,,,0.000760560000,  -0.01720,
,,,0.000760580000,  -0.01640,
,,,0.000760600000,  -0.01720,
,,,0.000760620000,  -0.01680,
,,,0.000760640000,  -0.01640,
,,,0.000760660000,  -0.01720,
,,,0.000760680000,  -0.01720,
,,,0.000760700000,  -0.01680,
,,,0.000760720000,  -0.01600,
,,,0.000760740000,  -0.01560,
,,,0.000760760000,  -0.01560,
,,,0.000760780000,  -0.01640,
,,,0.000760800000,  -0.01640,
,,,0.000760820000,  -0.01560,
,,,0.000760840000,  -0.01600,
,,,0.000760860000,  -0.01560,
,,,0.000760880000,  -0.01520,
,,,0.000760900000,  -0.01600,
,,,0.000760920000,  -0.01520,
,,,0.000760940000,  -0.01560,
,,,0.000760960000,  -0.01520,
,,,0.000760980000,  -0.01520,
,,,0.000761000000,  -0.01480,
,,,0.000761020000,  -0.01480,
,,,0.000761040000,  -0.01520,
,,,0.000761060000,  -0.01560,
,,,0.000761080000,  -0.01560,
,,,0.000761100000,  -0.01520,
,,,0.000761120000,  -0.01440,
,,,0.000761140000,  -0.01440,
,,,0.000761160000,  -0.01480,
,,,0.000761180000,  -0.01480,
,,,0.000761200000,  -0.01440,
,,,0.000761220000,  -0.01480,
,,,0.000761240000,  -0.01440,
,,,0.000761260000,  -0.01440,
,,,0.000761280000,  -0.01440,
,,,0.000761300000,  -0.01400,
,,,0.000761320000,  -0.01400,
,,,0.000761340000,  -0.01520,
,,,0.000761360000,  -0.01440,
,,,0.000761380000,  -0.01480,
,,,0.000761400000,  -0.01480,
,,,0.000761420000,  -0.01400,
,,,0.000761440000,  -0.01440,
,,,0.000761460000,  -0.01400,
,,,0.000761480000,  -0.01400,
,,,0.000761500000,  -0.01360,
,,,0.000761520000,  -0.01320,
,,,0.000761540000,  -0.01360,
,,,0.000761560000,  -0.01360,
,,,0.000761580000,  -0.01320,
,,,0.000761600000,  -0.01320,
,,,0.000761620000,  -0.01360,
,,,0.000761640000,  -0.01360,
,,,0.000761660000,  -0.01320,
,,,0.000761680000,  -0.01360,
,,,0.000761700000,  -0.01320,
,,,0.000761720000,  -0.01320,
,,,0.000761740000,  -0.01240,
,,,0.000761760000,  -0.01320,
,,,0.000761780000,  -0.01320,
,,,0.000761800000,  -0.01280,
,,,0.000761820000,  -0.01320,
,,,0.000761840000,  -0.01240,
,,,0.000761860000,  -0.01200,
,,,0.000761880000,  -0.01240,
,,,0.000761900000,  -0.01240,
,,,0.000761920000,  -0.01240,
,,,0.000761940000,  -0.01280,
,,,0.000761960000,  -0.01240,
,,,0.000761980000,  -0.01280,
,,,0.000762000000,  -0.01280,
,,,0.000762020000,  -0.01240,
,,,0.000762040000,  -0.01240,
,,,0.000762060000,  -0.01200,
,,,0.000762080000,  -0.01200,
,,,0.000762100000,  -0.01200,
,,,0.000762120000,  -0.01200,
,,,0.000762140000,  -0.01160,
,,,0.000762160000,  -0.01160,
,,,0.000762180000,  -0.01160,
,,,0.000762200000,  -0.01200,
,,,0.000762220000,  -0.01160,
,,,0.000762240000,  -0.01160,
,,,0.000762260000,  -0.01160,
,,,0.000762280000,  -0.01160,
,,,0.000762300000,  -0.01120,
,,,0.000762320000,  -0.01160,
,,,0.000762340000,  -0.01120,
,,,0.000762360000,  -0.01120,
,,,0.000762380000,  -0.01120,
,,,0.000762400000,  -0.01080,
,,,0.000762420000,  -0.01040,
,,,0.000762440000,  -0.01040,
,,,0.000762460000,  -0.01040,
,,,0.000762480000,  -0.01120,
,,,0.000762500000,  -0.01160,
,,,0.000762520000,  -0.01160,
,,,0.000762540000,  -0.01080,
,,,0.000762560000,  -0.01040,
,,,0.000762580000,  -0.01080,
,,,0.000762600000,  -0.01040,
,,,0.000762620000,  -0.01040,
,,,0.000762640000,  -0.01120,
,,,0.000762660000,  -0.01080,
,,,0.000762680000,  -0.01080,
,,,0.000762700000,  -0.00960,
,,,0.000762720000,  -0.00920,
,,,0.000762740000,  -0.01000,
,,,0.000762760000,  -0.01000,
,,,0.000762780000,  -0.00960,
,,,0.000762800000,  -0.01000,
,,,0.000762820000,  -0.01000,
,,,0.000762840000,  -0.01000,
,,,0.000762860000,  -0.00920,
,,,0.000762880000,  -0.00960,
,,,0.000762900000,  -0.00920,
,,,0.000762920000,  -0.00920,
,,,0.000762940000,  -0.00960,
,,,0.000762960000,  -0.00880,
,,,0.000762980000,  -0.00880,
,,,0.000763000000,  -0.00920,
,,,0.000763020000,  -0.00840,
,,,0.000763040000,  -0.00880,
,,,0.000763060000,  -0.01040,
,,,0.000763080000,  -0.00920,
,,,0.000763100000,  -0.00840,
,,,0.000763120000,  -0.00840,
,,,0.000763140000,  -0.00920,
,,,0.000763160000,  -0.00880,
,,,0.000763180000,  -0.00920,
,,,0.000763200000,  -0.00920,
,,,0.000763220000,  -0.00920,
,,,0.000763240000,  -0.00960,
,,,0.000763260000,  -0.00920,
,,,0.000763280000,  -0.00840,
,,,0.000763300000,  -0.00840,
,,,0.000763320000,  -0.00840,
,,,0.000763340000,  -0.00920,
,,,0.000763360000,  -0.00920,
,,,0.000763380000,  -0.00840,
,,,0.000763400000,  -0.00880,
,,,0.000763420000,  -0.00800,
,,,0.000763440000,  -0.00800,
,,,0.000763460000,  -0.00800,
,,,0.000763480000,  -0.00840,
,,,0.000763500000,  -0.00880,
,,,0.000763520000,  -0.00760,
,,,0.000763540000,  -0.00840,
,,,0.000763560000,  -0.00680,
,,,0.000763580000,  -0.00760,
,,,0.000763600000,  -0.00720,
,,,0.000763620000,  -0.00720,
,,,0.000763640000,  -0.00760,
,,,0.000763660000,  -0.00680,
,,,0.000763680000,  -0.00720,
,,,0.000763700000,  -0.00720,
,,,0.000763720000,  -0.00680,
,,,0.000763740000,  -0.00720,
,,,0.000763760000,  -0.00760,
,,,0.000763780000,  -0.00720,
,,,0.000763800000,  -0.00760,
,,,0.000763820000,  -0.00680,
,,,0.000763840000,  -0.00760,
,,,0.000763860000,  -0.00720,
,,,0.000763880000,  -0.00720,
,,,0.000763900000,  -0.00680,
,,,0.000763920000,  -0.00640,
,,,0.000763940000,  -0.00760,
,,,0.000763960000,  -0.00800,
,,,0.000763980000,  -0.00720,
,,,0.000764000000,  -0.00640,
,,,0.000764020000,  -0.00640,
,,,0.000764040000,  -0.00640,
,,,0.000764060000,  -0.00680,
,,,0.000764080000,  -0.00680,
,,,0.000764100000,  -0.00680,
,,,0.000764120000,  -0.00640,
,,,0.000764140000,  -0.00680,
,,,0.000764160000,  -0.00640,
,,,0.000764180000,  -0.00640,
,,,0.000764200000,  -0.00680,
,,,0.000764220000,  -0.00600,
,,,0.000764240000,  -0.00640,
,,,0.000764260000,  -0.00640,
,,,0.000764280000,  -0.00640,
,,,0.000764300000,  -0.00600,
,,,0.000764320000,  -0.00520,
,,,0.000764340000,  -0.00600,
,,,0.000764360000,  -0.00600,
,,,0.000764380000,  -0.00600,
,,,0.000764400000,  -0.00640,
,,,0.000764420000,  -0.00520,
,,,0.000764440000,  -0.00560,
,,,0.000764460000,  -0.00600,
,,,0.000764480000,  -0.00560,
,,,0.000764500000,  -0.00640,
,,,0.000764520000,  -0.00560,
,,,0.000764540000,  -0.00600,
,,,0.000764560000,  -0.00600,
,,,0.000764580000,  -0.00560,
,,,0.000764600000,  -0.00560,
,,,0.000764620000,  -0.00520,
,,,0.000764640000,  -0.00560,
,,,0.000764660000,  -0.00560,
,,,0.000764680000,  -0.00520,
,,,0.000764700000,  -0.00560,
,,,0.000764720000,  -0.00520,
,,,0.000764740000,  -0.00520,
,,,0.000764760000,  -0.00520,
,,,0.000764780000,  -0.00520,
,,,0.000764800000,  -0.00520,
,,,0.000764820000,  -0.00520,
,,,0.000764840000,  -0.00520,
,,,0.000764860000,  -0.00400,
,,,0.000764880000,  -0.00480,
,,,0.000764900000,  -0.00480,
,,,0.000764920000,  -0.00480,
,,,0.000764940000,  -0.00440,
,,,0.000764960000,  -0.00520,
,,,0.000764980000,  -0.00440,
,,,0.000765000000,  -0.00400,
,,,0.000765020000,  -0.00440,
,,,0.000765040000,  -0.00440,
,,,0.000765060000,  -0.00480,
,,,0.000765080000,  -0.00480,
,,,0.000765100000,  -0.00440,
,,,0.000765120000,  -0.00440,
,,,0.000765140000,  -0.00440,
,,,0.000765160000,  -0.00360,
,,,0.000765180000,  -0.00440,
,,,0.000765200000,  -0.00440,
,,,0.000765220000,  -0.00480,
,,,0.000765240000,  -0.00480,
,,,0.000765260000,  -0.00400,
,,,0.000765280000,  -0.00360,
,,,0.000765300000,  -0.00400,
,,,0.000765320000,  -0.00400,
,,,0.000765340000,  -0.00440,
,,,0.000765360000,  -0.00440,
,,,0.000765380000,  -0.00360,
,,,0.000765400000,  -0.00360,
,,,0.000765420000,  -0.00320,
,,,0.000765440000,  -0.00320,
,,,0.000765460000,  -0.00360,
,,,0.000765480000,  -0.00360,
,,,0.000765500000,  -0.00440,
,,,0.000765520000,  -0.00440,
,,,0.000765540000,  -0.00360,
,,,0.000765560000,  -0.00360,
,,,0.000765580000,  -0.00360,
,,,0.000765600000,  -0.00360,
,,,0.000765620000,  -0.00320,
,,,0.000765640000,  -0.00320,
,,,0.000765660000,  -0.00320,
,,,0.000765680000,  -0.00280,
,,,0.000765700000,  -0.00320,
,,,0.000765720000,  -0.00280,
,,,0.000765740000,  -0.00280,
,,,0.000765760000,  -0.00320,
,,,0.000765780000,  -0.00280,
,,,0.000765800000,  -0.00320,
,,,0.000765820000,  -0.00280,
,,,0.000765840000,  -0.00240,
,,,0.000765860000,  -0.00240,
,,,0.000765880000,  -0.00240,
,,,0.000765900000,  -0.00320,
,,,0.000765920000,  -0.00320,
,,,0.000765940000,  -0.00320,
,,,0.000765960000,  -0.00320,
,,,0.000765980000,  -0.00320,
,,,0.000766000000,  -0.00240,
,,,0.000766020000,  -0.00280,
,,,0.000766040000,  -0.00240,
,,,0.000766060000,  -0.00320,
,,,0.000766080000,  -0.00280,
,,,0.000766100000,  -0.00200,
,,,0.000766120000,  -0.00240,
,,,0.000766140000,  -0.00240,
,,,0.000766160000,  -0.00240,
,,,0.000766180000,  -0.00320,
,,,0.000766200000,  -0.00280,
,,,0.000766220000,  -0.00280,
,,,0.000766240000,  -0.00320,
,,,0.000766260000,  -0.00200,
,,,0.000766280000,  -0.00280,
,,,0.000766300000,  -0.00280,
,,,0.000766320000,  -0.00240,
,,,0.000766340000,  -0.00200,
,,,0.000766360000,  -0.00240,
,,,0.000766380000,  -0.00360,
,,,0.000766400000,  -0.00200,
,,,0.000766420000,  -0.00200,
,,,0.000766440000,  -0.00200,
,,,0.000766460000,  -0.00200,
,,,0.000766480000,  -0.00280,
,,,0.000766500000,  -0.00280,
,,,0.000766520000,  -0.00200,
,,,0.000766540000,  -0.00160,
,,,0.000766560000,  -0.00240,
,,,0.000766580000,  -0.00160,
,,,0.000766600000,  -0.00200,
,,,0.000766620000,  -0.00240,
,,,0.000766640000,  -0.00280,
,,,0.000766660000,  -0.00280,
,,,0.000766680000,  -0.00240,
,,,0.000766700000,  -0.00160,
,,,0.000766720000,  -0.00240,
,,,0.000766740000,  -0.00120,
,,,0.000766760000,  -0.00200,
,,,0.000766780000,  -0.00240,
,,,0.000766800000,  -0.00240,
,,,0.000766820000,  -0.00200,
,,,0.000766840000,  -0.00240,
,,,0.000766860000,  -0.00200,
,,,0.000766880000,  -0.00200,
,,,0.000766900000,  -0.00160,
,,,0.000766920000,  -0.00200,
,,,0.000766940000,  -0.00240,
,,,0.000766960000,  -0.00280,
,,,0.000766980000,  -0.00200,
,,,0.000767000000,  -0.00160,
,,,0.000767020000,  -0.00160,
,,,0.000767040000,  -0.00160,
,,,0.000767060000,  -0.00200,
,,,0.000767080000,  -0.00160,
,,,0.000767100000,  -0.00240,
,,,0.000767120000,  -0.00120,
,,,0.000767140000,  -0.00160,
,,,0.000767160000,  -0.00160,
,,,0.000767180000,  -0.00200,
,,,0.000767200000,  -0.00160,
,,,0.000767220000,  -0.00200,
,,,0.000767240000,  -0.00160,
,,,0.000767260000,  -0.00200,
,,,0.000767280000,  -0.00120,
,,,0.000767300000,  -0.00120,
,,,0.000767320000,  -0.00160,
,,,0.000767340000,  -0.00160,
,,,0.000767360000,  -0.00200,
,,,0.000767380000,  -0.00160,
,,,0.000767400000,  -0.00160,
,,,0.000767420000,  -0.00120,
,,,0.000767440000,  -0.00120,
,,,0.000767460000,  -0.00120,
,,,0.000767480000,  -0.00160,
,,,0.000767500000,  -0.00160,
,,,0.000767520000,  -0.00120,
,,,0.000767540000,  -0.00040,
,,,0.000767560000,  -0.00080,
,,,0.000767580000,   0.00000,
,,,0.000767600000,  -0.00040,
,,,0.000767620000,  -0.00040,
,,,0.000767640000,   0.00000,
,,,0.000767660000,  -0.00080,
,,,0.000767680000,  -0.00040,
,,,0.000767700000,  -0.00040,
,,,0.000767720000,  -0.00080,
,,,0.000767740000,  -0.00040,
,,,0.000767760000,   0.00000,
,,,0.000767780000,  -0.00040,
,,,0.000767800000,  -0.00040,
,,,0.000767820000,   0.00000,
,,,0.000767840000,  -0.00080,
,,,0.000767860000,   0.00000,
,,,0.000767880000,  -0.00040,
,,,0.000767900000,  -0.00080,
,,,0.000767920000,  -0.00080,
,,,0.000767940000,  -0.00120,
,,,0.000767960000,   0.00000,
,,,0.000767980000,   0.00000,
,,,0.000768000000,   0.00040,
,,,0.000768020000,   0.00000,
,,,0.000768040000,   0.00000,
,,,0.000768060000,   0.00000,
,,,0.000768080000,  -0.00040,
,,,0.000768100000,  -0.00040,
,,,0.000768120000,   0.00000,
,,,0.000768140000,   0.00040,
,,,0.000768160000,   0.00000,
,,,0.000768180000,   0.00000,
,,,0.000768200000,  -0.00040,
,,,0.000768220000,  -0.00040,
,,,0.000768240000,  -0.00040,
,,,0.000768260000,  -0.00040,
,,,0.000768280000,   0.00000,
,,,0.000768300000,  -0.00040,
,,,0.000768320000,  -0.00040,
,,,0.000768340000,  -0.00040,
,,,0.000768360000,  -0.00040,
,,,0.000768380000,  -0.00120,
,,,0.000768400000,   0.00040,
,,,0.000768420000,   0.00040,
,,,0.000768440000,   0.00000,
,,,0.000768460000,   0.00040,
,,,0.000768480000,   0.00040,
,,,0.000768500000,   0.00000,
,,,0.000768520000,  -0.00040,
,,,0.000768540000,   0.00000,
,,,0.000768560000,   0.00040,
,,,0.000768580000,   0.00000,
,,,0.000768600000,   0.00040,
,,,0.000768620000,   0.00080,
,,,0.000768640000,   0.00040,
,,,0.000768660000,  -0.00040,
,,,0.000768680000,   0.00000,
,,,0.000768700000,   0.00040,
,,,0.000768720000,   0.00080,
,,,0.000768740000,   0.00000,
,,,0.000768760000,   0.00000,
,,,0.000768780000,   0.00000,
,,,0.000768800000,   0.00000,
,,,0.000768820000,  -0.00040,
,,,0.000768840000,   0.00040,
,,,0.000768860000,   0.00040,
,,,0.000768880000,   0.00040,
,,,0.000768900000,  -0.00040,
,,,0.000768920000,  -0.00080,
,,,0.000768940000,  -0.00040,
,,,0.000768960000,   0.00000,
,,,0.000768980000,   0.00000,
,,,0.000769000000,   0.00000,
,,,0.000769020000,   0.00000,
,,,0.000769040000,   0.00000,
,,,0.000769060000,   0.00000,
,,,0.000769080000,  -0.00040,
,,,0.000769100000,   0.00000,
,,,0.000769120000,   0.00080,
,,,0.000769140000,   0.00000,
,,,0.000769160000,   0.00000,
,,,0.000769180000,   0.00000,
,,,0.000769200000,  -0.00040,
,,,0.000769220000,  -0.00040,
,,,0.000769240000,  -0.00040,
,,,0.000769260000,   0.00040,
,,,0.000769280000,   0.00000,
,,,0.000769300000,   0.00040,
,,,0.000769320000,   0.00000,
,,,0.000769340000,   0.00000,
,,,0.000769360000,   0.00040,
,,,0.000769380000,   0.00040,
,,,0.000769400000,   0.00000,
,,,0.000769420000,   0.00040,
,,,0.000769440000,   0.00000,
,,,0.000769460000,   0.00080,
,,,0.000769480000,  -0.00040,
,,,0.000769500000,   0.00040,
,,,0.000769520000,   0.00040,
,,,0.000769540000,   0.00040,
,,,0.000769560000,   0.00000,
,,,0.000769580000,   0.00040,
,,,0.000769600000,   0.00000,
,,,0.000769620000,   0.00000,
,,,0.000769640000,   0.00080,
,,,0.000769660000,   0.00120,
,,,0.000769680000,   0.00040,
,,,0.000769700000,   0.00000,
,,,0.000769720000,   0.00120,
,,,0.000769740000,   0.00080,
,,,0.000769760000,   0.00040,
,,,0.000769780000,   0.00040,
,,,0.000769800000,  -0.00080,
,,,0.000769820000,   0.00000,
,,,0.000769840000,   0.00040,
,,,0.000769860000,   0.00040,
,,,0.000769880000,   0.00080,
,,,0.000769900000,  -0.00040,
,,,0.000769920000,   0.00080,
,,,0.000769940000,  -0.00040,
,,,0.000769960000,   0.00040,
,,,0.000769980000,   0.00080,
,,,0.000770000000,   0.00040,
,,,0.000770020000,   0.00040,
,,,0.000770040000,   0.00040,
,,,0.000770060000,   0.00000,
,,,0.000770080000,  -0.00040,
,,,0.000770100000,   0.00040,
,,,0.000770120000,   0.00040,
,,,0.000770140000,   0.00080,
,,,0.000770160000,   0.00160,
,,,0.000770180000,   0.00080,
,,,0.000770200000,   0.00080,
,,,0.000770220000,   0.00040,
,,,0.000770240000,   0.00040,
,,,0.000770260000,   0.00080,
,,,0.000770280000,   0.00080,
,,,0.000770300000,   0.00120,
,,,0.000770320000,   0.00120,
,,,0.000770340000,   0.00080,
,,,0.000770360000,   0.00040,
,,,0.000770380000,   0.00040,
,,,0.000770400000,   0.00080,
,,,0.000770420000,   0.00080,
,,,0.000770440000,   0.00080,
,,,0.000770460000,   0.00120,
,,,0.000770480000,   0.00080,
,,,0.000770500000,   0.00080,
,,,0.000770520000,   0.00000,
,,,0.000770540000,   0.00000,
,,,0.000770560000,   0.00120,
,,,0.000770580000,   0.00120,
,,,0.000770600000,   0.00120,
,,,0.000770620000,   0.00120,
,,,0.000770640000,  -0.00040,
,,,0.000770660000,   0.00080,
,,,0.000770680000,   0.00000,
,,,0.000770700000,   0.00120,
,,,0.000770720000,   0.00120,
,,,0.000770740000,   0.00120,
,,,0.000770760000,   0.00080,
,,,0.000770780000,   0.00080,
,,,0.000770800000,   0.00040,
,,,0.000770820000,   0.00160,
,,,0.000770840000,   0.00120,
,,,0.000770860000,   0.00120,
,,,0.000770880000,   0.00160,
,,,0.000770900000,   0.00080,
,,,0.000770920000,   0.00040,
,,,0.000770940000,   0.00120,
,,,0.000770960000,   0.00080,
,,,0.000770980000,   0.00080,
,,,0.000771000000,   0.00080,
,,,0.000771020000,   0.00120,
,,,0.000771040000,   0.00080,
,,,0.000771060000,   0.00000,
,,,0.000771080000,   0.00040,
,,,0.000771100000,   0.00040,
,,,0.000771120000,   0.00080,
,,,0.000771140000,   0.00040,
,,,0.000771160000,   0.00160,
,,,0.000771180000,   0.00080,
,,,0.000771200000,   0.00040,
,,,0.000771220000,   0.00080,
,,,0.000771240000,   0.00000,
,,,0.000771260000,   0.00040,
,,,0.000771280000,   0.00080,
,,,0.000771300000,   0.00080,
,,,0.000771320000,   0.00080,
,,,0.000771340000,   0.00080,
,,,0.000771360000,   0.00080,
,,,0.000771380000,   0.00040,
,,,0.000771400000,   0.00080,
,,,0.000771420000,   0.00080,
,,,0.000771440000,   0.00120,
,,,0.000771460000,   0.00120,
,,,0.000771480000,   0.00080,
,,,0.000771500000,   0.00080,
,,,0.000771520000,   0.00080,
,,,0.000771540000,   0.00120,
,,,0.000771560000,   0.00160,
,,,0.000771580000,   0.00120,
,,,0.000771600000,   0.00160,
,,,0.000771620000,   0.00120,
,,,0.000771640000,   0.00160,
,,,0.000771660000,   0.00000,
,,,0.000771680000,   0.00040,
,,,0.000771700000,   0.00120,
,,,0.000771720000,   0.00080,
,,,0.000771740000,   0.00120,
,,,0.000771760000,   0.00120,
,,,0.000771780000,   0.00040,
,,,0.000771800000,   0.00040,
,,,0.000771820000,   0.00120,
,,,0.000771840000,   0.00120,
,,,0.000771860000,   0.00200,
,,,0.000771880000,   0.00120,
,,,0.000771900000,   0.00080,
,,,0.000771920000,   0.00080,
,,,0.000771940000,   0.00080,
,,,0.000771960000,   0.00040,
,,,0.000771980000,   0.00040,
,,,0.000772000000,   0.00080,
,,,0.000772020000,   0.00160,
,,,0.000772040000,   0.00160,
,,,0.000772060000,   0.00000,
,,,0.000772080000,   0.00040,
,,,0.000772100000,   0.00120,
,,,0.000772120000,   0.00120,
,,,0.000772140000,   0.00160,
,,,0.000772160000,   0.00120,
,,,0.000772180000,   0.00160,
,,,0.000772200000,   0.00080,
,,,0.000772220000,   0.00040,
,,,0.000772240000,   0.00080,
,,,0.000772260000,   0.00160,
,,,0.000772280000,   0.00160,
,,,0.000772300000,   0.00240,
,,,0.000772320000,   0.00080,
,,,0.000772340000,   0.00040,
,,,0.000772360000,   0.00120,
,,,0.000772380000,   0.00080,
,,,0.000772400000,   0.00120,
,,,0.000772420000,   0.00080,
,,,0.000772440000,   0.00080,
,,,0.000772460000,   0.00120,
,,,0.000772480000,   0.00120,
,,,0.000772500000,   0.00080,
,,,0.000772520000,   0.00120,
,,,0.000772540000,   0.00040,
,,,0.000772560000,   0.00080,
,,,0.000772580000,   0.00160,
,,,0.000772600000,   0.00120,
,,,0.000772620000,   0.00040,
,,,0.000772640000,   0.00080,
,,,0.000772660000,   0.00080,
,,,0.000772680000,   0.00040,
,,,0.000772700000,   0.00040,
,,,0.000772720000,   0.00040,
,,,0.000772740000,   0.00120,
,,,0.000772760000,   0.00160,
,,,0.000772780000,   0.00040,
,,,0.000772800000,   0.00040,
,,,0.000772820000,   0.00000,
,,,0.000772840000,   0.00120,
,,,0.000772860000,   0.00120,
,,,0.000772880000,   0.00160,
,,,0.000772900000,   0.00080,
,,,0.000772920000,   0.00080,
,,,0.000772940000,   0.00040,
,,,0.000772960000,   0.00080,
,,,0.000772980000,   0.00120,
,,,0.000773000000,   0.00080,
,,,0.000773020000,   0.00160,
,,,0.000773040000,   0.00080,
,,,0.000773060000,   0.00080,
,,,0.000773080000,   0.00120,
,,,0.000773100000,   0.00160,
,,,0.000773120000,   0.00120,
,,,0.000773140000,   0.00120,
,,,0.000773160000,   0.00160,
,,,0.000773180000,   0.00120,
,,,0.000773200000,   0.00080,
,,,0.000773220000,   0.00080,
,,,0.000773240000,   0.00120,
,,,0.000773260000,   0.00080,
,,,0.000773280000,   0.00160,
,,,0.000773300000,   0.00160,
,,,0.000773320000,   0.00160,
,,,0.000773340000,   0.00160,
,,,0.000773360000,   0.00080,
,,,0.000773380000,   0.00120,
,,,0.000773400000,   0.00120,
,,,0.000773420000,   0.00120,
,,,0.000773440000,   0.00200,
,,,0.000773460000,   0.00160,
,,,0.000773480000,   0.00120,
,,,0.000773500000,   0.00120,
,,,0.000773520000,   0.00120,
,,,0.000773540000,   0.00040,
,,,0.000773560000,   0.00120,
,,,0.000773580000,   0.00120,
,,,0.000773600000,   0.00160,
,,,0.000773620000,   0.00200,
,,,0.000773640000,   0.00160,
,,,0.000773660000,   0.00120,
,,,0.000773680000,   0.00200,
,,,0.000773700000,   0.00200,
,,,0.000773720000,   0.00200,
,,,0.000773740000,   0.00280,
,,,0.000773760000,   0.00200,
,,,0.000773780000,   0.00080,
,,,0.000773800000,   0.00160,
,,,0.000773820000,   0.00120,
,,,0.000773840000,   0.00200,
,,,0.000773860000,   0.00120,
,,,0.000773880000,   0.00200,
,,,0.000773900000,   0.00200,
,,,0.000773920000,   0.00120,
,,,0.000773940000,   0.00200,
,,,0.000773960000,   0.00080,
,,,0.000773980000,   0.00160,
,,,0.000774000000,   0.00200,
,,,0.000774020000,   0.00200,
,,,0.000774040000,   0.00160,
,,,0.000774060000,   0.00240,
,,,0.000774080000,   0.00160,
,,,0.000774100000,   0.00080,
,,,0.000774120000,   0.00200,
,,,0.000774140000,   0.00240,
,,,0.000774160000,   0.00200,
,,,0.000774180000,   0.00160,
,,,0.000774200000,   0.00040,
,,,0.000774220000,   0.00120,
,,,0.000774240000,   0.00200,
,,,0.000774260000,   0.00160,
,,,0.000774280000,   0.00160,
,,,0.000774300000,   0.00160,
,,,0.000774320000,   0.00200,
,,,0.000774340000,   0.00200,
,,,0.000774360000,   0.00040,
,,,0.000774380000,   0.00080,
,,,0.000774400000,   0.00120,
,,,0.000774420000,   0.00160,
,,,0.000774440000,   0.00240,
,,,0.000774460000,   0.00080,
,,,0.000774480000,   0.00120,
,,,0.000774500000,   0.00080,
,,,0.000774520000,   0.00080,
,,,0.000774540000,   0.00120,
,,,0.000774560000,   0.00160,
,,,0.000774580000,   0.00160,
,,,0.000774600000,   0.00200,
,,,0.000774620000,   0.00200,
,,,0.000774640000,   0.00120,
,,,0.000774660000,   0.00120,
,,,0.000774680000,   0.00160,
,,,0.000774700000,   0.00120,
,,,0.000774720000,   0.00200,
,,,0.000774740000,   0.00120,
,,,0.000774760000,   0.00160,
,,,0.000774780000,   0.00160,
,,,0.000774800000,   0.00120,
,,,0.000774820000,   0.00120,
,,,0.000774840000,   0.00160,
,,,0.000774860000,   0.00160,
,,,0.000774880000,   0.00160,
,,,0.000774900000,   0.00160,
,,,0.000774920000,   0.00160,
,,,0.000774940000,   0.00080,
,,,0.000774960000,   0.00080,
,,,0.000774980000,   0.00120,
,,,0.000775000000,   0.00120,
,,,0.000775020000,   0.00160,
,,,0.000775040000,   0.00120,
,,,0.000775060000,   0.00160,
,,,0.000775080000,   0.00120,
,,,0.000775100000,   0.00120,
,,,0.000775120000,   0.00080,
,,,0.000775140000,   0.00080,
,,,0.000775160000,   0.00120,
,,,0.000775180000,   0.00160,
,,,0.000775200000,   0.00120,
,,,0.000775220000,   0.00120,
,,,0.000775240000,   0.00120,
,,,0.000775260000,   0.00120,
,,,0.000775280000,   0.00200,
,,,0.000775300000,   0.00160,
,,,0.000775320000,   0.00160,
,,,0.000775340000,   0.00160,
,,,0.000775360000,   0.00040,
,,,0.000775380000,   0.00040,
,,,0.000775400000,   0.00080,
,,,0.000775420000,   0.00120,
,,,0.000775440000,   0.00160,
,,,0.000775460000,   0.00120,
,,,0.000775480000,   0.00160,
,,,0.000775500000,   0.00160,
,,,0.000775520000,   0.00080,
,,,0.000775540000,   0.00160,
,,,0.000775560000,   0.00120,
,,,0.000775580000,   0.00120,
,,,0.000775600000,   0.00120,
,,,0.000775620000,   0.00120,
,,,0.000775640000,   0.00080,
,,,0.000775660000,   0.00040,
,,,0.000775680000,   0.00160,
,,,0.000775700000,   0.00160,
,,,0.000775720000,   0.00200,
,,,0.000775740000,   0.00200,
,,,0.000775760000,   0.00160,
,,,0.000775780000,   0.00120,
,,,0.000775800000,   0.00120,
,,,0.000775820000,   0.00120,
,,,0.000775840000,   0.00080,
,,,0.000775860000,   0.00160,
,,,0.000775880000,   0.00160,
,,,0.000775900000,   0.00160,
,,,0.000775920000,   0.00120,
,,,0.000775940000,   0.00120,
,,,0.000775960000,   0.00160,
,,,0.000775980000,   0.00160,
,,,0.000776000000,   0.00200,
,,,0.000776020000,   0.00080,
,,,0.000776040000,   0.00200,
,,,0.000776060000,   0.00160,
,,,0.000776080000,   0.00080,
,,,0.000776100000,   0.00160,
,,,0.000776120000,   0.00160,
,,,0.000776140000,   0.00200,
,,,0.000776160000,   0.00200,
,,,0.000776180000,   0.00120,
,,,0.000776200000,   0.00160,
,,,0.000776220000,   0.00200,
,,,0.000776240000,   0.00160,
,,,0.000776260000,   0.00160,
,,,0.000776280000,   0.00200,
,,,0.000776300000,   0.00160,
,,,0.000776320000,   0.00120,
,,,0.000776340000,   0.00160,
,,,0.000776360000,   0.00080,
,,,0.000776380000,   0.00080,
,,,0.000776400000,   0.00080,
,,,0.000776420000,   0.00120,
,,,0.000776440000,   0.00160,
,,,0.000776460000,   0.00160,
,,,0.000776480000,   0.00120,
,,,0.000776500000,   0.00120,
,,,0.000776520000,   0.00160,
,,,0.000776540000,   0.00160,
,,,0.000776560000,   0.00200,
,,,0.000776580000,   0.00120,
,,,0.000776600000,   0.00160,
,,,0.000776620000,   0.00160,
,,,0.000776640000,   0.00120,
,,,0.000776660000,   0.00080,
,,,0.000776680000,   0.00080,
,,,0.000776700000,   0.00120,
,,,0.000776720000,   0.00200,
,,,0.000776740000,   0.00120,
,,,0.000776760000,   0.00200,
,,,0.000776780000,   0.00120,
,,,0.000776800000,   0.00120,
,,,0.000776820000,   0.00080,
,,,0.000776840000,   0.00080,
,,,0.000776860000,   0.00160,
,,,0.000776880000,   0.00160,
,,,0.000776900000,   0.00120,
,,,0.000776920000,   0.00200,
,,,0.000776940000,   0.00120,
,,,0.000776960000,   0.00160,
,,,0.000776980000,   0.00160,
,,,0.000777000000,   0.00160,
,,,0.000777020000,   0.00200,
,,,0.000777040000,   0.00080,
,,,0.000777060000,   0.00120,
,,,0.000777080000,   0.00080,
,,,0.000777100000,   0.00160,
,,,0.000777120000,   0.00120,
,,,0.000777140000,   0.00120,
,,,0.000777160000,   0.00120,
,,,0.000777180000,   0.00160,
,,,0.000777200000,   0.00160,
,,,0.000777220000,   0.00120,
,,,0.000777240000,   0.00080,
,,,0.000777260000,   0.00160,
,,,0.000777280000,   0.00080,
,,,0.000777300000,   0.00120,
,,,0.000777320000,   0.00200,
,,,0.000777340000,   0.00080,
,,,0.000777360000,   0.00080,
,,,0.000777380000,   0.00080,
,,,0.000777400000,   0.00080,
,,,0.000777420000,   0.00120,
,,,0.000777440000,   0.00160,
,,,0.000777460000,   0.00160,
,,,0.000777480000,   0.00120,
,,,0.000777500000,   0.00040,
,,,0.000777520000,   0.00120,
,,,0.000777540000,   0.00120,
,,,0.000777560000,   0.00160,
,,,0.000777580000,   0.00200,
,,,0.000777600000,   0.00160,
,,,0.000777620000,   0.00160,
,,,0.000777640000,   0.00160,
,,,0.000777660000,   0.00160,
,,,0.000777680000,   0.00040,
,,,0.000777700000,   0.00160,
,,,0.000777720000,   0.00160,
,,,0.000777740000,   0.00120,
,,,0.000777760000,   0.00200,
,,,0.000777780000,   0.00080,
,,,0.000777800000,   0.00040,
,,,0.000777820000,   0.00040,
,,,0.000777840000,   0.00120,
,,,0.000777860000,   0.00120,
,,,0.000777880000,   0.00160,
,,,0.000777900000,   0.00120,
,,,0.000777920000,   0.00080,
,,,0.000777940000,   0.00040,
,,,0.000777960000,   0.00120,
,,,0.000777980000,   0.00120,
,,,0.000778000000,   0.00080,
,,,0.000778020000,   0.00200,
,,,0.000778040000,   0.00120,
,,,0.000778060000,   0.00000,
,,,0.000778080000,   0.00040,
,,,0.000778100000,   0.00080,
,,,0.000778120000,   0.00160,
,,,0.000778140000,   0.00200,
,,,0.000778160000,   0.00080,
,,,0.000778180000,   0.00120,
,,,0.000778200000,   0.00080,
,,,0.000778220000,   0.00120,
,,,0.000778240000,   0.00120,
,,,0.000778260000,   0.00080,
,,,0.000778280000,   0.00080,
,,,0.000778300000,   0.00120,
,,,0.000778320000,   0.00120,
,,,0.000778340000,   0.00080,
,,,0.000778360000,   0.00120,
,,,0.000778380000,   0.00080,
,,,0.000778400000,   0.00160,
,,,0.000778420000,   0.00080,
,,,0.000778440000,   0.00080,
,,,0.000778460000,   0.00120,
,,,0.000778480000,   0.00120,
,,,0.000778500000,   0.00080,
,,,0.000778520000,   0.00120,
,,,0.000778540000,   0.00080,
,,,0.000778560000,   0.00080,
,,,0.000778580000,   0.00160,
,,,0.000778600000,   0.00040,
,,,0.000778620000,   0.00160,
,,,0.000778640000,   0.00040,
,,,0.000778660000,   0.00040,
,,,0.000778680000,   0.00080,
,,,0.000778700000,   0.00080,
,,,0.000778720000,   0.00160,
,,,0.000778740000,   0.00120,
,,,0.000778760000,   0.00000,
,,,0.000778780000,   0.00080,
,,,0.000778800000,   0.00000,
,,,0.000778820000,   0.00000,
,,,0.000778840000,   0.00120,
,,,0.000778860000,   0.00120,
,,,0.000778880000,   0.00120,
,,,0.000778900000,   0.00080,
,,,0.000778920000,   0.00120,
,,,0.000778940000,   0.00040,
,,,0.000778960000,   0.00080,
,,,0.000778980000,   0.00040,
,,,0.000779000000,   0.00080,
,,,0.000779020000,   0.00120,
,,,0.000779040000,   0.00120,
,,,0.000779060000,   0.00120,
,,,0.000779080000,   0.00080,
,,,0.000779100000,   0.00000,
,,,0.000779120000,   0.00080,
,,,0.000779140000,   0.00120,
,,,0.000779160000,   0.00080,
,,,0.000779180000,   0.00120,
,,,0.000779200000,   0.00120,
,,,0.000779220000,   0.00040,
,,,0.000779240000,   0.00120,
,,,0.000779260000,   0.00120,
,,,0.000779280000,   0.00200,
,,,0.000779300000,   0.00160,
,,,0.000779320000,   0.00080,
,,,0.000779340000,   0.00120,
,,,0.000779360000,   0.00040,
,,,0.000779380000,   0.00080,
,,,0.000779400000,   0.00080,
,,,0.000779420000,   0.00080,
,,,0.000779440000,   0.00160,
,,,0.000779460000,   0.00160,
,,,0.000779480000,   0.00120,
,,,0.000779500000,   0.00040,
,,,0.000779520000,   0.00080,
,,,0.000779540000,   0.00080,
,,,0.000779560000,   0.00120,
,,,0.000779580000,   0.00160,
,,,0.000779600000,   0.00160,
,,,0.000779620000,   0.00160,
,,,0.000779640000,   0.00080,
,,,0.000779660000,   0.00040,
,,,0.000779680000,   0.00160,
,,,0.000779700000,   0.00120,
,,,0.000779720000,   0.00120,
,,,0.000779740000,   0.00120,
,,,0.000779760000,   0.00080,
,,,0.000779780000,   0.00080,
,,,0.000779800000,   0.00040,
,,,0.000779820000,   0.00120,
,,,0.000779840000,   0.00160,
,,,0.000779860000,   0.00120,
,,,0.000779880000,   0.00120,
,,,0.000779900000,   0.00080,
,,,0.000779920000,   0.00080,
,,,0.000779940000,   0.00160,
,,,0.000779960000,   0.00160,
,,,0.000779980000,   0.00040,
,,,0.000780000000,   0.00120,
,,,0.000780020000,   0.00120,
,,,0.000780040000,   0.00080,
,,,0.000780060000,   0.00040,
,,,0.000780080000,   0.00080,
,,,0.000780100000,   0.00040,
,,,0.000780120000,   0.00080,
,,,0.000780140000,   0.00040,
,,,0.000780160000,   0.00120,
,,,0.000780180000,   0.00040,
,,,0.000780200000,   0.00120,
,,,0.000780220000,   0.00120,
,,,0.000780240000,   0.00040,
,,,0.000780260000,   0.00080,
,,,0.000780280000,   0.00200,
,,,0.000780300000,   0.00080,
,,,0.000780320000,   0.00120,
,,,0.000780340000,   0.00040,
,,,0.000780360000,   0.00080,
,,,0.000780380000,   0.00120,
,,,0.000780400000,   0.00040,
,,,0.000780420000,   0.00080,
,,,0.000780440000,   0.00080,
,,,0.000780460000,   0.00120,
,,,0.000780480000,   0.00040,
,,,0.000780500000,   0.00040,
,,,0.000780520000,   0.00080,
,,,0.000780540000,   0.00040,
,,,0.000780560000,   0.00040,
,,,0.000780580000,   0.00120,
,,,0.000780600000,   0.00120,
,,,0.000780620000,   0.00120,
,,,0.000780640000,   0.00040,
,,,0.000780660000,   0.00040,
,,,0.000780680000,   0.00080,
,,,0.000780700000,   0.00000,
,,,0.000780720000,   0.00200,
,,,0.000780740000,   0.00160,
,,,0.000780760000,   0.00040,
,,,0.000780780000,   0.00040,
,,,0.000780800000,   0.00040,
,,,0.000780820000,   0.00080,
,,,0.000780840000,   0.00080,
,,,0.000780860000,   0.00080,
,,,0.000780880000,   0.00120,
,,,0.000780900000,   0.00040,
,,,0.000780920000,   0.00040,
,,,0.000780940000,   0.00040,
,,,0.000780960000,   0.00040,
,,,0.000780980000,   0.00040,
,,,0.000781000000,   0.00080,
,,,0.000781020000,   0.00080,
,,,0.000781040000,   0.00080,
,,,0.000781060000,   0.00080,
,,,0.000781080000,  -0.00040,
,,,0.000781100000,   0.00040,
,,,0.000781120000,   0.00080,
,,,0.000781140000,   0.00040,
,,,0.000781160000,   0.00080,
,,,0.000781180000,   0.00080,
,,,0.000781200000,   0.00040,
,,,0.000781220000,   0.00120,
,,,0.000781240000,   0.00040,
,,,0.000781260000,   0.00040,
,,,0.000781280000,   0.00120,
,,,0.000781300000,   0.00000,
,,,0.000781320000,   0.00080,
,,,0.000781340000,   0.00000,
,,,0.000781360000,  -0.00040,
,,,0.000781380000,   0.00040,
,,,0.000781400000,   0.00040,
,,,0.000781420000,   0.00040,
,,,0.000781440000,   0.00120,
,,,0.000781460000,   0.00080,
,,,0.000781480000,   0.00080,
,,,0.000781500000,   0.00000,
,,,0.000781520000,   0.00080,
,,,0.000781540000,   0.00040,
,,,0.000781560000,   0.00080,
,,,0.000781580000,   0.00160,
,,,0.000781600000,   0.00080,
,,,0.000781620000,   0.00040,
,,,0.000781640000,   0.00000,
,,,0.000781660000,   0.00040,
,,,0.000781680000,   0.00000,
,,,0.000781700000,   0.00040,
,,,0.000781720000,   0.00120,
,,,0.000781740000,   0.00080,
,,,0.000781760000,   0.00080,
,,,0.000781780000,   0.00080,
,,,0.000781800000,   0.00080,
,,,0.000781820000,   0.00120,
,,,0.000781840000,   0.00040,
,,,0.000781860000,   0.00080,
,,,0.000781880000,   0.00160,
,,,0.000781900000,   0.00080,
,,,0.000781920000,   0.00040,
,,,0.000781940000,   0.00040,
,,,0.000781960000,   0.00000,
,,,0.000781980000,   0.00160,
,,,0.000782000000,   0.00160,
,,,0.000782020000,   0.00120,
,,,0.000782040000,   0.00080,
,,,0.000782060000,   0.00120,
,,,0.000782080000,   0.00040,
,,,0.000782100000,   0.00160,
,,,0.000782120000,   0.00120,
,,,0.000782140000,   0.00120,
,,,0.000782160000,   0.00160,
,,,0.000782180000,   0.00080,
,,,0.000782200000,   0.00080,
,,,0.000782220000,   0.00040,
,,,0.000782240000,   0.00080,
,,,0.000782260000,   0.00120,
,,,0.000782280000,   0.00120,
,,,0.000782300000,   0.00160,
,,,0.000782320000,   0.00120,
,,,0.000782340000,   0.00040,
,,,0.000782360000,   0.00040,
,,,0.000782380000,   0.00080,
