0,5.44,0
0.00002,5.44,0
0.00004,5.52,0
0.00006,5.44,0
0.00008,5.44,0
0.0001,5.52,0
0.00012,5.6,0
0.00014,5.44,0
0.00016,5.52,0
0.00018,5.44,0
0.0002,5.44,0
0.00022,5.44,0
0.00024,5.44,0
0.00026,5.44,0
0.00028,5.44,0
0.0003,5.44,0
0.00032,5.52,0
0.00034,5.44,0
0.00036,5.52,0
0.00038,5.44,0
0.0004,5.44,0
0.00042,5.44,0
0.00044,5.52,0
0.00046,5.52,0
0.00048,5.52,0
0.0005,5.52,0
0.00052,5.52,0
0.00054,5.44,0
0.00056,5.52,0
0.00058,5.44,0
0.0006,5.52,0
0.00062,5.44,0
0.00064,5.52,0
0.00066,5.44,0
0.00068,5.44,0
0.0007,5.44,0
0.00072,5.44,0
0.00074,5.44,0
0.00076,5.44,0
0.00078,5.44,0
0.0008,5.44,0
0.00082,5.36,0
0.00084,5.52,0
0.00086,5.44,0
0.00088,5.44,0
0.0009,5.44,0
0.00092,5.44,0
0.00094,5.44,0
0.00096,5.52,0
0.00098,5.44,0
0.001,5.44,0
0.00102,5.44,0
0.00104,5.44,0
0.00106,5.44,0
0.00108,5.44,0
0.0011,5.44,0
0.00112,5.44,0
0.00114,5.44,0
0.00116,5.52,0
0.00118,5.44,0
0.0012,5.44,0
0.00122,5.52,0
0.00124,5.44,0
0.00126,5.44,0
0.00128,5.52,0
0.0013,5.44,0
0.00132,5.52,0
0.00134,5.52,0
0.00136,5.44,0
0.00138,5.44,0
0.0014,5.44,0
0.00142,5.44,0
0.00144,5.44,0
0.00146,5.44,0
0.00148,5.6,0
0.0015,5.44,0
0.00152,5.52,0
0.00154,5.44,0
0.00156,5.52,0
0.00158,5.52,0
0.0016,5.6,0
0.00162,5.44,0
0.00164,5.44,0
0.00166,5.44,0
0.00168,5.52,0
0.0017,5.44,0
0.00172,5.52,0
0.00174,5.52,0
0.00176,5.52,0
0.00178,5.44,0
0.0018,5.52,0
0.00182,5.44,0
0.00184,5.44,0
0.00186,5.52,0
0.00188,5.44,0
0.0019,5.44,0
0.00192,5.44,0
0.00194,5.52,0
0.00196,5.52,0
0.00198,5.44,0
0.002,5.44,0
0.00202,5.44,0
0.00204,5.44,0
0.00206,5.44,0
0.00208,5.44,0
0.0021,5.44,0
0.00212,5.52,0
0.00214,5.44,0
0.00216,5.52,0
0.00218,5.44,0
0.0022,5.52,0
0.00222,5.44,0
0.00224,5.44,0
0.00226,5.52,0
0.00228,5.44,0
0.0023,5.44,0
0.00232,5.44,0
0.00234,5.44,0
0.00236,5.44,0
0.00238,5.44,0
0.0024,5.36,0
0.00242,5.44,0
0.00244,5.52,0
0.00246,5.44,0
0.00248,5.52,0
0.0025,5.44,0
0.00252,5.52,0
0.00254,5.44,0
0.00256,5.52,0
0.00258,5.44,0
0.0026,5.44,0
0.00262,5.36,0
0.00264,5.52,0
0.00266,5.44,0
0.00268,5.44,0
0.0027,5.44,0
0.00272,5.52,0
0.00274,5.52,0
0.00276,5.44,0
0.00278,5.44,0
0.0028,5.52,0
0.00282,5.44,0
0.00284,5.52,0
0.00286,5.44,0
0.00288,5.44,0
0.0029,5.44,0
0.00292,5.44,0
0.00294,5.44,0
0.00296,5.44,0
0.00298,5.44,0
0.003,5.44,0
0.00302,5.44,0
0.00304,5.52,0
0.00306,5.52,0
0.00308,5.6,0
0.0031,5.52,0
0.00312,5.44,0
0.00314,5.44,0
0.00316,5.44,0
0.00318,5.36,0
0.0032,5.44,0
0.00322,5.44,0
0.00324,5.52,0
0.00326,5.44,0
0.00328,5.44,0
0.0033,5.52,0
0.00332,5.52,0
0.00334,5.44,0
0.00336,5.6,0
0.00338,5.44,0
0.0034,5.52,0
0.00342,5.44,0
0.00344,5.52,0
0.00346,5.44,0
0.00348,5.44,0
0.0035,5.52,0
0.00352,5.44,0
0.00354,5.44,0
0.00356,5.52,0
0.00358,5.44,0
0.0036,5.44,0
0.00362,5.44,0
0.00364,5.44,0
0.00366,5.44,0
0.00368,5.44,0
0.0037,5.44,0
0.00372,5.44,0
0.00374,5.52,0
0.00376,5.52,0
0.00378,5.44,0
0.0038,5.44,0
0.00382,5.44,0
0.00384,5.44,0
0.00386,5.44,0
0.00388,5.52,0
0.0039,5.52,0
0.00392,5.52,0
0.00394,5.44,0
0.00396,5.52,0
0.00398,5.44,0
0.004,5.44,0
0.00402,5.44,0
0.00404,5.44,0
0.00406,5.44,0
0.00408,5.44,0
0.0041,5.52,0
0.00412,5.44,0
0.00414,5.52,0
0.00416,5.44,0
0.00418,5.52,0
0.0042,5.52,0
0.00422,5.44,0
0.00424,5.52,0
0.00426,5.44,0
0.00428,5.52,0
0.0043,5.44,0
0.00432,5.44,0
0.00434,5.44,0
0.00436,5.52,0
0.00438,5.44,0
0.0044,5.52,0
0.00442,5.44,0
0.00444,5.44,0
0.00446,5.44,0
0.00448,5.44,0
0.0045,5.44,0
0.00452,5.52,0
0.00454,5.52,0
0.00456,5.44,0
0.00458,5.44,0
0.0046,5.44,0
0.00462,5.36,0
0.00464,5.44,0
0.00466,5.44,0
0.00468,5.44,0
0.0047,5.52,0
0.00472,5.6,0
0.00474,5.52,0
0.00476,5.52,0
0.00478,5.44,0
0.0048,5.52,0
0.00482,5.44,0
0.00484,5.52,0
0.00486,5.44,0
0.00488,5.44,0
0.0049,5.44,0
0.00492,5.44,0
0.00494,5.44,0
0.00496,5.6,0
0.00498,5.44,0
0.005,5.44,0
0.00502,5.44,0
0.00504,5.52,0
0.00506,5.52,0
0.00508,5.44,0
0.0051,5.44,0
0.00512,5.52,0
0.00514,5.52,0
0.00516,5.52,0
0.00518,5.44,0
0.0052,5.52,0
0.00522,5.44,0
0.00524,5.44,0
0.00526,5.44,0
0.00528,5.52,0
0.0053,5.52,0
0.00532,5.44,0
0.00534,5.44,0
0.00536,5.6,0
0.00538,5.52,0
0.0054,5.44,0
0.00542,5.44,0
0.00544,5.52,0
0.00546,5.44,0
0.00548,5.52,0
0.0055,5.44,0
0.00552,5.44,0
0.00554,5.44,0
0.00556,5.44,0
0.00558,5.44,0
0.0056,5.44,0
0.00562,5.44,0
0.00564,5.44,0
0.00566,5.44,0
0.00568,5.52,0
0.0057,5.44,0
0.00572,5.52,0
0.00574,5.52,0
0.00576,5.44,0
0.00578,5.44,0
0.0058,5.52,0
0.00582,5.44,0
0.00584,5.52,0
0.00586,5.44,0
0.00588,5.52,0
0.0059,5.44,0
0.00592,5.44,0
0.00594,5.44,0
0.00596,5.52,0
0.00598,5.44,0
0.006,5.44,0
0.00602,5.44,0
0.00604,5.52,0
0.00606,5.44,0
0.00608,5.44,0
0.0061,5.52,0
0.00612,5.44,0
0.00614,5.52,0
0.00616,5.44,0
0.00618,5.44,0
0.0062,5.44,0
0.00622,5.44,0
0.00624,5.44,0
0.00626,5.44,0
0.00628,5.44,0
0.0063,5.44,0
0.00632,5.52,0
0.00634,5.36,0
0.00636,5.52,0
0.00638,5.44,0
0.0064,5.44,0
0.00642,5.44,0
0.00644,5.52,0
0.00646,5.44,0
0.00648,5.52,0
0.0065,5.44,0
0.00652,5.52,0
0.00654,5.52,0
0.00656,5.44,0
0.00658,5.44,0
0.0066,5.52,0
0.00662,5.44,0
0.00664,5.52,0
0.00666,5.44,0
0.00668,5.52,0
0.0067,5.44,0
0.00672,5.52,0
0.00674,5.44,0
0.00676,5.44,0
0.00678,5.44,0
0.0068,5.52,0
0.00682,5.44,0
0.00684,5.44,0
0.00686,5.44,0
0.00688,5.52,0
0.0069,5.52,0
0.00692,5.52,0
0.00694,5.44,0
0.00696,5.44,0
0.00698,5.44,0
0.007,5.52,0
0.00702,5.52,0
0.00704,5.44,0
0.00706,5.52,0
0.00708,5.52,0
0.0071,5.44,0
0.00712,5.52,0
0.00714,5.52,0
0.00716,5.52,0
0.00718,5.44,0
0.0072,5.52,0
0.00722,5.44,0
0.00724,5.52,0
0.00726,5.52,0
0.00728,5.44,0
0.0073,5.52,0
0.00732,5.52,0
0.00734,5.44,0
0.00736,5.52,0
0.00738,5.44,0
0.0074,5.52,0
0.00742,5.44,0
0.00744,5.52,0
0.00746,5.44,0
0.00748,5.52,0
0.0075,5.52,0
0.00752,5.44,0
0.00754,5.36,0
0.00756,5.44,0
0.00758,5.44,0
0.0076,5.52,0
0.00762,5.52,0
0.00764,5.52,0
0.00766,5.44,0
0.00768,5.6,0
0.0077,5.52,0
0.00772,5.52,0
0.00774,5.44,0
0.00776,5.52,0
0.00778,5.44,0
0.0078,5.52,0
0.00782,5.44,0
0.00784,5.52,0
0.00786,5.44,0
0.00788,5.52,0
0.0079,5.44,0
0.00792,5.52,0
0.00794,5.44,0
0.00796,5.44,0
0.00798,5.44,0
0.008,5.44,0
0.00802,5.44,0
0.00804,5.44,0
0.00806,5.44,0
0.00808,5.44,0
0.0081,5.44,0
0.00812,5.52,0
0.00814,5.52,0
0.00816,5.44,0
0.00818,5.52,0
0.0082,5.52,0
0.00822,5.44,0
0.00824,5.6,0
0.00826,5.44,0
0.00828,5.44,0
0.0083,5.52,0
0.00832,5.44,0
0.00834,5.52,0
0.00836,5.44,0
0.00838,5.44,0
0.0084,5.52,0
0.00842,5.44,0
0.00844,5.52,0
0.00846,5.52,0
0.00848,5.44,0
0.0085,5.52,0
0.00852,5.44,0
0.00854,5.44,0
0.00856,5.52,0
0.00858,5.44,0
0.0086,5.52,0
0.00862,5.44,0
0.00864,5.52,0
0.00866,5.44,0
0.00868,5.52,0
0.0087,5.44,0
0.00872,5.44,0
0.00874,5.44,0
0.00876,5.52,0
0.00878,5.52,0
0.0088,5.52,0
0.00882,5.52,0
0.00884,5.52,0
0.00886,5.44,0
0.00888,5.44,0
0.0089,5.52,0
0.00892,5.52,0
0.00894,5.44,0
0.00896,5.52,0
0.00898,5.52,0
0.009,5.44,0
0.00902,5.44,0
0.00904,5.52,0
0.00906,5.36,0
0.00908,5.52,0
0.0091,5.44,0
0.00912,5.44,0
0.00914,5.44,0
0.00916,5.52,0
0.00918,5.44,0
0.0092,5.44,0
0.00922,5.44,0
0.00924,5.44,0
0.00926,5.44,0
0.00928,5.52,0
0.0093,5.44,0
0.00932,5.52,0
0.00934,5.44,0
0.00936,5.52,0
0.00938,5.44,0
0.0094,5.44,0
0.00942,5.44,0
0.00944,5.52,0
0.00946,5.52,0
0.00948,5.44,0
0.0095,5.52,0
0.00952,5.52,0
0.00954,5.52,0
0.00956,5.52,0
0.00958,5.44,0
0.0096,5.44,0
0.00962,5.44,0
0.00964,5.44,0
0.00966,5.52,0
0.00968,5.52,0
0.0097,5.52,0
0.00972,5.52,0
0.00974,5.44,0
0.00976,5.52,0
0.00978,5.44,0
0.0098,5.44,0
0.00982,5.44,0
0.00984,5.44,0
0.00986,5.44,0
0.00988,5.44,0
0.0099,5.44,0
0.00992,5.52,0
0.00994,5.44,0
0.00996,5.52,0
0.00998,5.44,0
0.01,5.52,0
0.01002,5.52,0
0.01004,5.44,0
0.01006,5.52,0
0.01008,5.44,0
0.0101,5.44,0
0.01012,5.6,0
0.01014,5.44,0
0.01016,5.44,0
0.01018,5.44,0
0.0102,5.52,0
0.01022,5.44,0
0.01024,5.52,0
0.01026,5.44,0
0.01028,5.44,0
0.0103,5.44,0
0.01032,5.52,0
0.01034,5.44,0
0.01036,5.52,0
0.01038,5.44,0
0.0104,5.52,0
0.01042,5.52,0
0.01044,5.52,0
0.01046,5.44,0
0.01048,5.44,0
0.0105,5.44,0
0.01052,5.52,0
0.01054,5.36,0
0.01056,5.52,0
0.01058,5.44,0
0.0106,5.52,0
0.01062,5.52,0
0.01064,5.44,0
0.01066,5.52,0
0.01068,5.6,0
0.0107,5.44,0
0.01072,5.52,0
0.01074,5.44,0
0.01076,5.52,0
0.01078,5.52,0
0.0108,5.52,0
0.01082,5.44,0
0.01084,5.52,0
0.01086,5.44,0
0.01088,5.52,0
0.0109,5.44,0
0.01092,5.44,0
0.01094,5.44,0
0.01096,5.44,0
0.01098,5.36,0
0.011,5.44,0
0.01102,5.44,0
0.01104,5.52,0
0.01106,5.44,0
0.01108,5.44,0
0.0111,5.44,0
0.01112,5.52,0
0.01114,5.44,0
0.01116,5.52,0
0.01118,5.44,0
0.0112,5.52,0
0.01122,5.36,0
0.01124,5.44,0
0.01126,5.52,0
0.01128,5.44,0
0.0113,5.44,0
0.01132,5.52,0
0.01134,5.44,0
0.01136,5.44,0
0.01138,5.44,0
0.0114,5.44,0
0.01142,5.44,0
0.01144,5.44,0
0.01146,5.44,0
0.01148,5.52,0
0.0115,5.52,0
0.01152,5.52,0
0.01154,5.52,0
0.01156,5.52,0
0.01158,5.44,0
0.0116,5.52,0
0.01162,5.44,0
0.01164,5.52,0
0.01166,5.44,0
0.01168,5.6,0
0.0117,5.44,0
0.01172,5.44,0
0.01174,5.44,0
0.01176,5.52,0
0.01178,5.44,0
0.0118,5.52,0
0.01182,5.52,0
0.01184,5.52,0
0.01186,5.44,0
0.01188,5.52,0
0.0119,5.52,0
0.01192,5.52,0
0.01194,5.44,0
0.01196,5.52,0
0.01198,5.52,0
0.012,5.44,0
0.01202,5.52,0
0.01204,5.6,0
0.01206,5.44,0
0.01208,5.6,0
0.0121,5.44,0
0.01212,5.52,0
0.01214,5.44,0
0.01216,5.52,0
0.01218,5.44,0
0.0122,5.52,0
0.01222,5.44,0
0.01224,5.52,0
0.01226,5.44,0
0.01228,5.52,0
0.0123,5.44,0
0.01232,5.52,0
0.01234,5.44,0
0.01236,5.52,0
0.01238,5.52,0
0.0124,5.52,0
0.01242,5.44,0
0.01244,5.6,0
0.01246,5.44,0
0.01248,5.52,0
0.0125,5.44,0
0.01252,5.52,0
0.01254,5.44,0
0.01256,5.44,0
0.01258,5.44,0
0.0126,5.44,0
0.01262,5.44,0
0.01264,5.52,0
0.01266,5.44,0
0.01268,5.52,0
0.0127,5.36,0
0.01272,5.52,0
0.01274,5.52,0
0.01276,5.44,0
0.01278,5.52,0
0.0128,5.52,0
0.01282,5.44,0
0.01284,5.44,0
0.01286,5.44,0
0.01288,5.52,0
0.0129,5.44,0
0.01292,5.6,0
0.01294,5.52,0
0.01296,5.44,0
0.01298,5.52,0
0.013,5.44,0
0.01302,5.44,0
0.01304,5.52,0
0.01306,5.44,0
0.01308,5.52,0
0.0131,5.44,0
0.01312,5.52,0
0.01314,5.44,0
0.01316,5.52,0
0.01318,5.36,0
0.0132,5.44,0
0.01322,5.44,0
0.01324,5.52,0
0.01326,5.52,0
0.01328,5.52,0
0.0133,5.52,0
0.01332,5.52,0
0.01334,5.52,0
0.01336,5.44,0
0.01338,5.44,0
0.0134,5.52,0
0.01342,5.52,0
0.01344,5.44,0
0.01346,5.44,0
0.01348,5.52,0
0.0135,5.44,0
0.01352,5.52,0
0.01354,5.44,0
0.01356,5.52,0
0.01358,5.52,0
0.0136,5.52,0
0.01362,5.44,0
0.01364,5.52,0
0.01366,5.44,0
0.01368,5.44,0
0.0137,5.44,0
0.01372,5.52,0
0.01374,5.44,0
0.01376,5.44,0
0.01378,5.52,0
0.0138,5.52,0
0.01382,5.44,0
0.01384,5.52,0
0.01386,5.44,0
0.01388,5.52,0
0.0139,5.52,0
0.01392,5.6,0
0.01394,5.44,0
0.01396,5.52,0
0.01398,5.52,0
0.014,5.6,0
0.01402,5.52,0
0.01404,5.44,0
0.01406,5.44,0
0.01408,5.52,0
0.0141,5.44,0
0.01412,5.52,0
0.01414,5.44,0
0.01416,5.44,0
0.01418,5.44,0
0.0142,5.52,0
0.01422,5.44,0
0.01424,5.52,0
0.01426,5.52,0
0.01428,5.52,0
0.0143,5.44,0
0.01432,5.52,0
0.01434,5.44,0
0.01436,5.52,0
0.01438,5.44,0
0.0144,5.52,0
0.01442,5.52,0
0.01444,5.52,0
0.01446,5.52,0
0.01448,5.44,0
0.0145,5.44,0
0.01452,5.52,0
0.01454,5.52,0
0.01456,5.44,0
0.01458,5.52,0
0.0146,5.52,0
0.01462,5.52,0
0.01464,5.52,0
0.01466,5.52,0
0.01468,5.52,0
0.0147,5.52,0
0.01472,5.6,0
0.01474,5.44,0
0.01476,5.52,0
0.01478,5.44,0
0.0148,5.44,0
0.01482,5.52,0
0.01484,5.52,0
0.01486,5.44,0
0.01488,5.6,0
0.0149,5.44,0
0.01492,5.52,0
0.01494,5.44,0
0.01496,5.52,0
0.01498,5.52,0
0.015,5.52,0
0.01502,5.44,0
0.01504,5.6,0
0.01506,5.52,0
0.01508,5.52,0
0.0151,5.52,0
0.01512,5.44,0
0.01514,5.44,0
0.01516,5.52,0
0.01518,5.44,0
0.0152,5.52,0
0.01522,5.44,0
0.01524,5.52,0
0.01526,5.52,0
0.01528,5.44,0
0.0153,5.52,0
0.01532,5.44,0
0.01534,5.44,0
0.01536,5.52,0
0.01538,5.44,0
0.0154,5.44,0
0.01542,5.44,0
0.01544,5.44,0
0.01546,5.44,0
0.01548,5.52,0
0.0155,5.44,0
0.01552,5.52,0
0.01554,5.52,0
0.01556,5.52,0
0.01558,5.44,0
0.0156,5.52,0
0.01562,5.52,0
0.01564,5.44,0
0.01566,5.44,0
0.01568,5.52,0
0.0157,5.44,0
0.01572,5.52,0
0.01574,5.52,0
0.01576,5.44,0
0.01578,5.44,0
0.0158,5.52,0
0.01582,5.52,0
0.01584,5.52,0
0.01586,5.44,0
0.01588,5.52,0
0.0159,5.44,0
0.01592,5.52,0
0.01594,5.44,0
0.01596,5.6,0
0.01598,5.44,0
0.016,5.44,0
0.01602,5.44,0
0.01604,5.52,0
0.01606,5.44,0
0.01608,5.52,0
0.0161,5.44,0
0.01612,5.52,0
0.01614,5.52,0
0.01616,5.6,0
0.01618,5.52,0
0.0162,5.52,0
0.01622,5.52,0
0.01624,5.52,0
0.01626,5.52,0
0.01628,5.52,0
0.0163,5.44,0
0.01632,5.6,0
0.01634,5.44,0
0.01636,5.52,0
0.01638,5.52,0
0.0164,5.52,0
0.01642,5.44,0
0.01644,5.44,0
0.01646,5.52,0
0.01648,5.52,0
0.0165,5.44,0
0.01652,5.44,0
0.01654,5.44,0
0.01656,5.52,0
0.01658,5.6,0
0.0166,5.44,0
0.01662,5.52,0
0.01664,5.52,0
0.01666,5.44,0
0.01668,5.52,0
0.0167,5.44,0
0.01672,5.44,0
0.01674,5.52,0
0.01676,5.44,0
0.01678,5.52,0
0.0168,5.52,0
0.01682,5.44,0
0.01684,5.52,0
0.01686,5.52,0
0.01688,5.52,0
0.0169,5.44,0
0.01692,5.52,0
0.01694,5.52,0
0.01696,5.52,0
0.01698,5.52,0
0.017,5.52,0
0.01702,5.52,0
0.01704,5.44,0
0.01706,5.44,0
0.01708,5.52,0
0.0171,5.44,0
0.01712,5.44,0
0.01714,5.52,0
0.01716,5.44,0
0.01718,5.44,0
0.0172,5.52,0
0.01722,5.44,0
0.01724,5.52,0
0.01726,5.52,0
0.01728,5.52,0
0.0173,5.44,0
0.01732,5.52,0
0.01734,5.52,0
0.01736,5.52,0
0.01738,5.52,0
0.0174,5.44,0
0.01742,5.44,0
0.01744,5.52,0
0.01746,5.52,0
0.01748,5.44,0
0.0175,5.44,0
0.01752,5.52,0
0.01754,5.44,0
0.01756,5.52,0
0.01758,5.52,0
0.0176,5.52,0
0.01762,5.52,0
0.01764,5.6,0
0.01766,5.52,0
0.01768,5.52,0
0.0177,5.44,0
0.01772,5.52,0
0.01774,5.44,0
0.01776,5.52,0
0.01778,5.52,0
0.0178,5.52,0
0.01782,5.44,0
0.01784,5.52,0
0.01786,5.52,0
0.01788,5.52,0
0.0179,5.52,0
0.01792,5.52,0
0.01794,5.44,0
0.01796,5.44,0
0.01798,5.44,0
0.018,5.52,0
0.01802,5.44,0
0.01804,5.52,0
0.01806,5.44,0
0.01808,5.52,0
0.0181,5.52,0
0.01812,5.6,0
0.01814,5.52,0
0.01816,5.52,0
0.01818,5.44,0
0.0182,5.52,0
0.01822,5.44,0
0.01824,5.44,0
0.01826,5.52,0
0.01828,5.52,0
0.0183,5.44,0
0.01832,5.52,0
0.01834,5.44,0
0.01836,5.52,0
0.01838,5.44,0
0.0184,5.44,0
0.01842,5.52,0
0.01844,5.52,0
0.01846,5.52,0
0.01848,5.52,0
0.0185,5.52,0
0.01852,5.52,0
0.01854,5.44,0
0.01856,5.52,0
0.01858,5.52,0
0.0186,5.6,0
0.01862,5.44,0
0.01864,5.6,0
0.01866,5.52,0
0.01868,5.52,0
0.0187,5.44,0
0.01872,5.44,0
0.01874,5.44,0
0.01876,5.52,0
0.01878,5.44,0
0.0188,5.44,0
0.01882,5.44,0
0.01884,5.44,0
0.01886,5.52,0
0.01888,5.52,0
0.0189,5.44,0
0.01892,5.52,0
0.01894,5.44,0
0.01896,5.52,0
0.01898,5.44,0
0.019,5.52,0
0.01902,5.44,0
0.01904,5.44,0
0.01906,5.52,0
0.01908,5.52,0
0.0191,5.44,0
0.01912,5.52,0
0.01914,5.52,0
0.01916,5.52,0
0.01918,5.44,0
0.0192,5.52,0
0.01922,5.44,0
0.01924,5.52,0
0.01926,5.52,0
0.01928,5.52,0
0.0193,5.44,0
0.01932,5.52,0
0.01934,5.44,0
0.01936,5.52,0
0.01938,5.44,0
0.0194,5.52,0
0.01942,5.44,0
0.01944,5.52,0
0.01946,5.44,0
0.01948,5.52,0
0.0195,5.52,0
0.01952,5.44,0
0.01954,5.52,0
0.01956,5.52,0
0.01958,5.52,0
0.0196,5.52,0
0.01962,5.44,0
0.01964,5.52,0
0.01966,5.44,0
0.01968,5.52,0
0.0197,5.52,0
0.01972,5.52,0
0.01974,5.2,0
0.01976,5.04,0
0.01978,4.88,0
0.0198,4.8,0
0.01982,4.64,0
0.01984,4.48,0
0.01986,4.32,0
0.01988,4.16,0
0.0199,4,0
0.01992,3.92,0
0.01994,3.76,0
0.01996,3.6,0
0.01998,3.52,0
0.02,3.36,0
0.02002,3.2,0
0.02004,3.2,0
0.02006,2.88,0
0.02008,2.8,0
0.0201,2.72,0
0.02012,2.48,0
0.02014,2.4,0
0.02016,2.24,0
0.02018,2.08,0
0.0202,2.08,0
0.02022,1.92,0
0.02024,1.92,0
0.02026,1.68,0
0.02028,1.6,0
0.0203,1.52,0
0.02032,1.44,0
0.02034,1.28,0
0.02036,1.2,0
0.02038,1.04,0
0.0204,1.04,0
0.02042,0.96,0
0.02044,0.8,0
0.02046,0.64,0
0.02048,0.64,0
0.0205,0.48,0
0.02052,0.4,0
0.02054,0.32,0
0.02056,0.24,0
0.02058,0.08,0
0.0206,0.08,0
0.02062,0,0
0.02064,-0.08,0
0.02066,-0.16,0
0.02068,-0.32,0
0.0207,-0.32,0
0.02072,-0.4,0
0.02074,-0.48,0
0.02076,-0.56,0
0.02078,-0.64,0
0.0208,-0.72,0
0.02082,-0.8,0
0.02084,-0.88,0
0.02086,-0.96,0
0.02088,-0.96,0
0.0209,-1.12,0
0.02092,-1.12,0
0.02094,-1.2,0
0.02096,-1.2,0
0.02098,-1.36,0
0.021,-1.44,0
0.02102,-1.44,0
0.02104,-1.44,0
0.02106,-1.6,0
0.02108,-1.6,0
0.0211,-1.68,0
0.02112,-1.76,0
0.02114,-1.84,0
0.02116,-1.84,0
0.02118,-2,0
0.0212,-2,0
0.02122,-2.08,0
0.02124,-2.08,0
0.02126,-2.08,0
0.02128,-2.16,0
0.0213,-2.32,0
0.02132,-2.32,0
0.02134,-2.32,0
0.02136,-2.4,0
0.02138,-2.48,0
0.0214,-2.48,0
0.02142,-2.56,0
0.02144,-2.56,0
0.02146,-2.72,0
0.02148,-2.64,0
0.0215,-2.72,0
0.02152,-2.72,0
0.02154,-2.8,0
0.02156,-2.8,0
0.02158,-2.88,0
0.0216,-2.88,0
0.02162,-2.88,0
0.02164,-2.96,0
0.02166,-3.04,0
0.02168,-3.04,0
0.0217,-3.12,0
0.02172,-3.12,0
0.02174,-3.2,0
0.02176,-3.28,0
0.02178,-3.28,0
0.0218,-3.36,0
0.02182,-3.36,0
0.02184,-3.36,0
0.02186,-3.44,0
0.02188,-3.36,0
0.0219,-3.44,0
0.02192,-3.52,0
0.02194,-3.52,0
0.02196,-3.52,0
0.02198,-3.52,0
0.022,-3.52,0
0.02202,-3.6,0
0.02204,-3.68,0
0.02206,-3.6,0
0.02208,-3.68,0
0.0221,-3.68,0
0.02212,-3.76,0
0.02214,-3.76,0
0.02216,-3.84,0
0.02218,-3.84,0
0.0222,-3.92,0
0.02222,-3.92,0
0.02224,-3.84,0
0.02226,-3.92,0
0.02228,-4,0
0.0223,-4,0
0.02232,-4,0
0.02234,-4,0
0.02236,-4,0
0.02238,-4.16,0
0.0224,-4.08,0
0.02242,-4.16,0
0.02244,-4.08,0
0.02246,-4.16,0
0.02248,-4.16,0
0.0225,-4.16,0
0.02252,-4.24,0
0.02254,-4.24,0
0.02256,-4.24,0
0.02258,-4.32,0
0.0226,-4.32,0
0.02262,-4.32,0
0.02264,-4.32,0
0.02266,-4.4,0
0.02268,-4.4,0
0.0227,-4.4,0
0.02272,-4.4,0
0.02274,-4.4,0
0.02276,-4.48,0
0.02278,-4.4,0
0.0228,-4.48,0
0.02282,-4.56,0
0.02284,-4.48,0
0.02286,-4.48,0
0.02288,-4.56,0
0.0229,-4.48,0
0.02292,-4.56,0
0.02294,-4.64,0
0.02296,-4.56,0
0.02298,-4.64,0
0.023,-4.64,0
0.02302,-4.64,0
0.02304,-4.64,0
0.02306,-4.64,0
0.02308,-4.64,0
0.0231,-4.64,0
0.02312,-4.64,0
0.02314,-4.72,0
0.02316,-4.64,0
0.02318,-4.72,0
0.0232,-4.72,0
0.02322,-4.8,0
0.02324,-4.72,0
0.02326,-4.72,0
0.02328,-4.8,0
0.0233,-4.8,0
0.02332,-4.8,0
0.02334,-4.88,0
0.02336,-4.8,0
0.02338,-4.88,0
0.0234,-4.88,0
0.02342,-4.88,0
0.02344,-4.8,0
0.02346,-4.88,0
0.02348,-4.88,0
0.0235,-4.96,0
0.02352,-4.88,0
0.02354,-4.96,0
0.02356,-4.96,0
0.02358,-4.96,0
0.0236,-4.96,0
0.02362,-4.96,0
0.02364,-4.96,0
0.02366,-4.96,0
0.02368,-4.96,0
0.0237,-5.04,0
0.02372,-5.04,0
0.02374,-5.04,0
0.02376,-4.96,0
0.02378,-5.04,0
0.0238,-5.04,0
0.02382,-5.04,0
0.02384,-4.96,0
0.02386,-5.04,0
0.02388,-5.12,0
0.0239,-5.04,0
0.02392,-5.04,0
0.02394,-5.12,0
0.02396,-5.04,0
0.02398,-5.12,0
0.024,-5.04,0
0.02402,-5.12,0
0.02404,-5.12,0
0.02406,-5.2,0
0.02408,-5.2,0
0.0241,-5.12,0
0.02412,-5.12,0
0.02414,-5.12,0
0.02416,-5.12,0
0.02418,-5.2,0
0.0242,-5.12,0
0.02422,-5.2,0
0.02424,-5.12,0
0.02426,-5.2,0
0.02428,-5.2,0
0.0243,-5.2,0
0.02432,-5.12,0
0.02434,-5.12,0
0.02436,-5.12,0
0.02438,-5.2,0
0.0244,-5.2,0
0.02442,-5.2,0
0.02444,-5.28,0
0.02446,-5.28,0
0.02448,-5.2,0
0.0245,-5.28,0
0.02452,-5.2,0
0.02454,-5.28,0
0.02456,-5.28,0
0.02458,-5.28,0
0.0246,-5.28,0
0.02462,-5.2,0
0.02464,-5.28,0
0.02466,-5.28,0
0.02468,-5.28,0
0.0247,-5.36,0
0.02472,-5.28,0
0.02474,-5.28,0
0.02476,-5.28,0
0.02478,-5.28,0
0.0248,-5.28,0
0.02482,-5.28,0
0.02484,-5.28,0
0.02486,-5.36,0
0.02488,-5.28,0
0.0249,-5.36,0
0.02492,-5.28,0
0.02494,-5.36,0
0.02496,-5.28,0
0.02498,-5.36,0
0.025,-5.36,0
0.02502,-5.28,0
0.02504,-5.28,0
0.02506,-5.36,0
0.02508,-5.36,0
0.0251,-5.36,0
0.02512,-5.28,0
0.02514,-5.36,0
0.02516,-5.28,0
0.02518,-5.36,0
0.0252,-5.28,0
0.02522,-5.36,0
0.02524,-5.28,0
0.02526,-5.44,0
0.02528,-5.28,0
0.0253,-5.36,0
0.02532,-5.28,0
0.02534,-5.36,0
0.02536,-5.36,0
0.02538,-5.44,0
0.0254,-5.36,0
0.02542,-5.44,0
0.02544,-5.36,0
0.02546,-5.36,0
0.02548,-5.36,0
0.0255,-5.36,0
0.02552,-5.44,0
0.02554,-5.36,0
0.02556,-5.36,0
0.02558,-5.36,0
0.0256,-5.36,0
0.02562,-5.36,0
0.02564,-5.28,0
0.02566,-5.44,0
0.02568,-5.28,0
0.0257,-5.44,0
0.02572,-5.36,0
0.02574,-5.44,0
0.02576,-5.36,0
0.02578,-5.44,0
0.0258,-5.36,0
0.02582,-5.44,0
0.02584,-5.44,0
0.02586,-5.44,0
0.02588,-5.44,0
0.0259,-5.44,0
0.02592,-5.36,0
0.02594,-5.44,0
0.02596,-5.44,0
0.02598,-5.44,0
0.026,-5.44,0
0.02602,-5.52,0
0.02604,-5.44,0
0.02606,-5.44,0
0.02608,-5.52,0
0.0261,-5.44,0
0.02612,-5.36,0
0.02614,-5.44,0
0.02616,-5.36,0
0.02618,-5.44,0
0.0262,-5.44,0
0.02622,-5.52,0
0.02624,-5.44,0
0.02626,-5.44,0
0.02628,-5.36,0
0.0263,-5.44,0
0.02632,-5.44,0
0.02634,-5.52,0
0.02636,-5.44,0
0.02638,-5.44,0
0.0264,-5.44,0
0.02642,-5.44,0
0.02644,-5.44,0
0.02646,-5.44,0
0.02648,-5.44,0
0.0265,-5.52,0
0.02652,-5.36,0
0.02654,-5.44,0
0.02656,-5.44,0
0.02658,-5.44,0
0.0266,-5.44,0
0.02662,-5.44,0
0.02664,-5.44,0
0.02666,-5.44,0
0.02668,-5.44,0
0.0267,-5.44,0
0.02672,-5.44,0
0.02674,-5.44,0
0.02676,-5.44,0
0.02678,-5.44,0
0.0268,-5.44,0
0.02682,-5.44,0
0.02684,-5.44,0
0.02686,-5.52,0
0.02688,-5.44,0
0.0269,-5.44,0
0.02692,-5.44,0
0.02694,-5.44,0
0.02696,-5.44,0
0.02698,-5.52,0
0.027,-5.44,0
0.02702,-5.6,0
0.02704,-5.44,0
0.02706,-5.44,0
0.02708,-5.44,0
0.0271,-5.52,0
0.02712,-5.44,0
0.02714,-5.52,0
0.02716,-5.44,0
0.02718,-5.44,0
0.0272,-5.44,0
0.02722,-5.44,0
0.02724,-5.44,0
0.02726,-5.52,0
0.02728,-5.44,0
0.0273,-5.52,0
0.02732,-5.44,0
0.02734,-5.52,0
0.02736,-5.44,0
0.02738,-5.44,0
0.0274,-5.44,0
0.02742,-5.44,0
0.02744,-5.44,0
0.02746,-5.52,0
0.02748,-5.44,0
0.0275,-5.44,0
0.02752,-5.44,0
0.02754,-5.52,0
0.02756,-5.44,0
0.02758,-5.44,0
0.0276,-5.52,0
0.02762,-5.44,0
0.02764,-5.44,0
0.02766,-5.44,0
0.02768,-5.44,0
0.0277,-5.44,0
0.02772,-5.52,0
0.02774,-5.52,0
0.02776,-5.44,0
0.02778,-5.52,0
0.0278,-5.44,0
0.02782,-5.44,0
0.02784,-5.44,0
0.02786,-5.52,0
0.02788,-5.44,0
0.0279,-5.52,0
0.02792,-5.44,0
0.02794,-5.52,0
0.02796,-5.52,0
0.02798,-5.52,0
0.028,-5.52,0
0.02802,-5.52,0
0.02804,-5.52,0
0.02806,-5.52,0
0.02808,-5.44,0
0.0281,-5.44,0
0.02812,-5.44,0
0.02814,-5.52,0
0.02816,-5.52,0
0.02818,-5.52,0
0.0282,-5.52,0
0.02822,-5.52,0
0.02824,-5.44,0
0.02826,-5.52,0
0.02828,-5.52,0
0.0283,-5.44,0
0.02832,-5.52,0
0.02834,-5.52,0
0.02836,-5.52,0
0.02838,-5.52,0
0.0284,-5.44,0
0.02842,-5.52,0
0.02844,-5.44,0
0.02846,-5.52,0
0.02848,-5.52,0
0.0285,-5.52,0
0.02852,-5.44,0
0.02854,-5.52,0
0.02856,-5.52,0
0.02858,-5.52,0
0.0286,-5.52,0
0.02862,-5.52,0
0.02864,-5.52,0
0.02866,-5.52,0
0.02868,-5.44,0
0.0287,-5.52,0
0.02872,-5.44,0
0.02874,-5.52,0
0.02876,-5.52,0
0.02878,-5.52,0
0.0288,-5.52,0
0.02882,-5.44,0
0.02884,-5.52,0
0.02886,-5.44,0
0.02888,-5.44,0
0.0289,-5.52,0
0.02892,-5.52,0
0.02894,-5.52,0
0.02896,-5.44,0
0.02898,-5.44,0
0.029,-5.52,0
0.02902,-5.52,0
0.02904,-5.52,0
0.02906,-5.6,0
0.02908,-5.52,0
0.0291,-5.44,0
0.02912,-5.44,0
0.02914,-5.52,0
0.02916,-5.52,0
0.02918,-5.44,0
0.0292,-5.44,0
0.02922,-5.52,0
0.02924,-5.44,0
0.02926,-5.52,0
0.02928,-5.44,0
0.0293,-5.6,0
0.02932,-5.44,0
0.02934,-5.52,0
0.02936,-5.52,0
0.02938,-5.6,0
0.0294,-5.44,0
0.02942,-5.52,0
0.02944,-5.44,0
0.02946,-5.52,0
0.02948,-5.44,0
0.0295,-5.52,0
0.02952,-5.52,0
0.02954,-5.52,0
0.02956,-5.44,0
0.02958,-5.52,0
0.0296,-5.52,0
0.02962,-5.52,0
0.02964,-5.44,0
0.02966,-5.52,0
0.02968,-5.52,0
0.0297,-5.52,0
0.02972,-5.52,0
0.02974,-5.52,0
0.02976,-5.44,0
0.02978,-5.52,0
0.0298,-5.44,0
0.02982,-5.44,0
0.02984,-5.52,0
0.02986,-5.52,0
0.02988,-5.44,0
0.0299,-5.6,0
0.02992,-5.52,0
0.02994,-5.52,0
0.02996,-5.44,0
0.02998,-5.52,0
0.03,-5.52,0
0.03002,-5.44,0
0.03004,-5.52,0
0.03006,-5.52,0
0.03008,-5.52,0
0.0301,-5.52,0
0.03012,-5.44,0
0.03014,-5.52,0
0.03016,-5.52,0
0.03018,-5.52,0
0.0302,-5.52,0
0.03022,-5.52,0
0.03024,-5.44,0
0.03026,-5.52,0
0.03028,-5.52,0
0.0303,-5.52,0
0.03032,-5.52,0
0.03034,-5.52,0
0.03036,-5.52,0
0.03038,-5.52,0
0.0304,-5.44,0
0.03042,-5.52,0
0.03044,-5.52,0
0.03046,-5.6,0
0.03048,-5.52,0
0.0305,-5.52,0
0.03052,-5.52,0
0.03054,-5.52,0
0.03056,-5.44,0
0.03058,-5.52,0
0.0306,-5.52,0
0.03062,-5.6,0
0.03064,-5.52,0
0.03066,-5.52,0
0.03068,-5.52,0
0.0307,-5.52,0
0.03072,-5.52,0
0.03074,-5.52,0
0.03076,-5.44,0
0.03078,-5.52,0
0.0308,-5.52,0
0.03082,-5.52,0
0.03084,-5.52,0
0.03086,-5.52,0
0.03088,-5.52,0
0.0309,-5.52,0
0.03092,-5.44,0
0.03094,-5.52,0
0.03096,-5.52,0
0.03098,-5.52,0
0.031,-5.52,0
0.03102,-5.52,0
0.03104,-5.6,0
0.03106,-5.52,0
0.03108,-5.52,0
0.0311,-5.6,0
0.03112,-5.52,0
0.03114,-5.52,0
0.03116,-5.52,0
0.03118,-5.52,0
0.0312,-5.52,0
0.03122,-5.52,0
0.03124,-5.52,0
0.03126,-5.52,0
0.03128,-5.52,0
0.0313,-5.52,0
0.03132,-5.52,0
0.03134,-5.52,0
0.03136,-5.52,0
0.03138,-5.52,0
0.0314,-5.52,0
0.03142,-5.6,0
0.03144,-5.52,0
0.03146,-5.52,0
0.03148,-5.44,0
0.0315,-5.52,0
0.03152,-5.44,0
0.03154,-5.52,0
0.03156,-5.44,0
0.03158,-5.52,0
0.0316,-5.52,0
0.03162,-5.52,0
0.03164,-5.52,0
0.03166,-5.6,0
0.03168,-5.52,0
0.0317,-5.52,0
0.03172,-5.52,0
0.03174,-5.52,0
0.03176,-5.44,0
0.03178,-5.52,0
0.0318,-5.52,0
0.03182,-5.52,0
0.03184,-5.6,0
0.03186,-5.6,0
0.03188,-5.44,0
0.0319,-5.52,0
0.03192,-5.52,0
0.03194,-5.52,0
0.03196,-5.52,0
0.03198,-5.6,0
0.032,-5.6,0
0.03202,-5.52,0
0.03204,-5.44,0
0.03206,-5.6,0
0.03208,-5.52,0
0.0321,-5.6,0
0.03212,-5.52,0
0.03214,-5.52,0
0.03216,-5.44,0
0.03218,-5.52,0
0.0322,-5.52,0
0.03222,-5.44,0
0.03224,-5.44,0
0.03226,-5.6,0
0.03228,-5.52,0
0.0323,-5.52,0
0.03232,-5.52,0
0.03234,-5.6,0
0.03236,-5.44,0
0.03238,-5.6,0
0.0324,-5.52,0
0.03242,-5.52,0
0.03244,-5.6,0
0.03246,-5.52,0
0.03248,-5.52,0
0.0325,-5.52,0
0.03252,-5.52,0
0.03254,-5.52,0
0.03256,-5.52,0
0.03258,-5.6,0
0.0326,-5.52,0
0.03262,-5.52,0
0.03264,-5.6,0
0.03266,-5.52,0
0.03268,-5.44,0
0.0327,-5.52,0
0.03272,-5.52,0
0.03274,-5.52,0
0.03276,-5.6,0
0.03278,-5.52,0
0.0328,-5.52,0
0.03282,-5.52,0
0.03284,-5.52,0
0.03286,-5.52,0
0.03288,-5.52,0
0.0329,-5.6,0
0.03292,-5.44,0
0.03294,-5.6,0
0.03296,-5.6,0
0.03298,-5.6,0
0.033,-5.52,0
0.03302,-5.52,0
0.03304,-5.52,0
0.03306,-5.52,0
0.03308,-5.52,0
0.0331,-5.52,0
0.03312,-5.52,0
0.03314,-5.68,0
0.03316,-5.52,0
0.03318,-5.52,0
0.0332,-5.52,0
0.03322,-5.6,0
0.03324,-5.52,0
0.03326,-5.52,0
0.03328,-5.52,0
0.0333,-5.6,0
0.03332,-5.52,0
0.03334,-5.52,0
0.03336,-5.52,0
0.03338,-5.6,0
0.0334,-5.44,0
0.03342,-5.52,0
0.03344,-5.44,0
0.03346,-5.52,0
0.03348,-5.52,0
0.0335,-5.6,0
0.03352,-5.44,0
0.03354,-5.52,0
0.03356,-5.52,0
0.03358,-5.6,0
0.0336,-5.52,0
0.03362,-5.6,0
0.03364,-5.52,0
0.03366,-5.6,0
0.03368,-5.52,0
0.0337,-5.52,0
0.03372,-5.52,0
0.03374,-5.52,0
0.03376,-5.52,0
0.03378,-5.52,0
0.0338,-5.44,0
0.03382,-5.6,0
0.03384,-5.52,0
0.03386,-5.52,0
0.03388,-5.52,0
0.0339,-5.44,0
0.03392,-5.52,0
0.03394,-5.52,0
0.03396,-5.52,0
0.03398,-5.6,0
0.034,-5.52,0
0.03402,-5.44,0
0.03404,-5.52,0
0.03406,-5.6,0
0.03408,-5.52,0
0.0341,-5.52,0
0.03412,-5.52,0
0.03414,-5.52,0
0.03416,-5.52,0
0.03418,-5.6,0
0.0342,-5.52,0
0.03422,-5.52,0
0.03424,-5.52,0
0.03426,-5.6,0
0.03428,-5.52,0
0.0343,-5.52,0
0.03432,-5.52,0
0.03434,-5.52,0
0.03436,-5.52,0
0.03438,-5.52,0
0.0344,-5.52,0
0.03442,-5.52,0
0.03444,-5.52,0
0.03446,-5.52,0
0.03448,-5.52,0
0.0345,-5.52,0
0.03452,-5.44,0
0.03454,-5.52,0
0.03456,-5.52,0
0.03458,-5.52,0
0.0346,-5.52,0
0.03462,-5.52,0
0.03464,-5.52,0
0.03466,-5.52,0
0.03468,-5.52,0
0.0347,-5.6,0
0.03472,-5.52,0
0.03474,-5.52,0
0.03476,-5.52,0
0.03478,-5.52,0
0.0348,-5.52,0
0.03482,-5.52,0
0.03484,-5.52,0
0.03486,-5.52,0
0.03488,-5.52,0
0.0349,-5.6,0
0.03492,-5.52,0
0.03494,-5.52,0
0.03496,-5.52,0
0.03498,-5.6,0
0.035,-5.52,0
0.03502,-5.52,0
0.03504,-5.52,0
0.03506,-5.52,0
0.03508,-5.52,0
0.0351,-5.6,0
0.03512,-5.52,0
0.03514,-5.6,0
0.03516,-5.52,0
0.03518,-5.52,0
0.0352,-5.52,0
0.03522,-5.44,0
0.03524,-5.52,0
0.03526,-5.6,0
0.03528,-5.52,0
0.0353,-5.52,0
0.03532,-5.52,0
0.03534,-5.52,0
0.03536,-5.52,0
0.03538,-5.6,0
0.0354,-5.52,0
0.03542,-5.52,0
0.03544,-5.44,0
0.03546,-5.52,0
0.03548,-5.52,0
0.0355,-5.52,0
0.03552,-5.52,0
0.03554,-5.6,0
0.03556,-5.52,0
0.03558,-5.6,0
0.0356,-5.52,0
0.03562,-5.6,0
0.03564,-5.52,0
0.03566,-5.52,0
0.03568,-5.52,0
0.0357,-5.52,0
0.03572,-5.6,0
0.03574,-5.52,0
0.03576,-5.52,0
0.03578,-5.52,0
0.0358,-5.44,0
0.03582,-5.6,0
0.03584,-5.44,0
0.03586,-5.6,0
0.03588,-5.52,0
0.0359,-5.6,0
0.03592,-5.52,0
0.03594,-5.6,0
0.03596,-5.52,0
0.03598,-5.6,0
0.036,-5.6,0
0.03602,-5.52,0
0.03604,-5.52,0
0.03606,-5.6,0
0.03608,-5.52,0
0.0361,-5.52,0
0.03612,-5.52,0
0.03614,-5.52,0
0.03616,-5.44,0
0.03618,-5.6,0
0.0362,-5.52,0
0.03622,-5.44,0
0.03624,-5.52,0
0.03626,-5.44,0
0.03628,-5.52,0
0.0363,-5.52,0
0.03632,-5.52,0
0.03634,-5.52,0
0.03636,-5.44,0
0.03638,-5.52,0
0.0364,-5.52,0
0.03642,-5.44,0
0.03644,-5.44,0
0.03646,-5.52,0
0.03648,-5.44,0
0.0365,-5.44,0
0.03652,-5.6,0
0.03654,-5.52,0
0.03656,-5.44,0
0.03658,-5.52,0
0.0366,-5.52,0
0.03662,-5.52,0
0.03664,-5.52,0
0.03666,-5.6,0
0.03668,-5.52,0
0.0367,-5.52,0
0.03672,-5.52,0
0.03674,-5.52,0
0.03676,-5.44,0
0.03678,-5.52,0
0.0368,-5.52,0
0.03682,-5.52,0
0.03684,-5.52,0
0.03686,-5.52,0
0.03688,-5.44,0
0.0369,-5.52,0
0.03692,-5.52,0
0.03694,-5.52,0
0.03696,-5.44,0
0.03698,-5.44,0
0.037,-5.52,0
0.03702,-5.52,0
0.03704,-5.52,0
0.03706,-5.6,0
0.03708,-5.52,0
0.0371,-5.52,0
0.03712,-5.52,0
0.03714,-5.52,0
0.03716,-5.52,0
0.03718,-5.52,0
0.0372,-5.44,0
0.03722,-5.6,0
0.03724,-5.52,0
0.03726,-5.52,0
0.03728,-5.44,0
0.0373,-5.44,0
0.03732,-5.52,0
0.03734,-5.44,0
0.03736,-5.52,0
0.03738,-5.52,0
0.0374,-5.52,0
0.03742,-5.6,0
0.03744,-5.52,0
0.03746,-5.52,0
0.03748,-5.6,0
0.0375,-5.6,0
0.03752,-5.52,0
0.03754,-5.52,0
0.03756,-5.52,0
0.03758,-5.52,0
0.0376,-5.44,0
0.03762,-5.52,0
0.03764,-5.52,0
0.03766,-5.52,0
0.03768,-5.52,0
0.0377,-5.52,0
0.03772,-5.52,0
0.03774,-5.52,0
0.03776,-5.52,0
0.03778,-5.52,0
0.0378,-5.52,0
0.03782,-5.6,0
0.03784,-5.52,0
0.03786,-5.6,0
0.03788,-5.52,0
0.0379,-5.52,0
0.03792,-5.52,0
0.03794,-5.52,0
0.03796,-5.44,0
0.03798,-5.6,0
0.038,-5.52,0
0.03802,-5.52,0
0.03804,-5.52,0
0.03806,-5.52,0
0.03808,-5.52,0
0.0381,-5.52,0
0.03812,-5.52,0
0.03814,-5.52,0
0.03816,-5.52,0
0.03818,-5.6,0
0.0382,-5.52,0
0.03822,-5.6,0
0.03824,-5.6,0
0.03826,-5.52,0
0.03828,-5.52,0
0.0383,-5.6,0
0.03832,-5.52,0
0.03834,-5.52,0
0.03836,-5.6,0
0.03838,-5.6,0
0.0384,-5.52,0
0.03842,-5.6,0
0.03844,-5.52,0
0.03846,-5.52,0
0.03848,-5.52,0
0.0385,-5.6,0
0.03852,-5.52,0
0.03854,-5.52,0
0.03856,-5.52,0
0.03858,-5.52,0
0.0386,-5.52,0
0.03862,-5.52,0
0.03864,-5.52,0
0.03866,-5.6,0
0.03868,-5.52,0
0.0387,-5.52,0
0.03872,-5.44,0
0.03874,-5.6,0
0.03876,-5.52,0
0.03878,-5.52,0
0.0388,-5.44,0
0.03882,-5.6,0
0.03884,-5.52,0
0.03886,-5.52,0
0.03888,-5.52,0
0.0389,-5.52,0
0.03892,-5.44,0
0.03894,-5.6,0
0.03896,-5.52,0
0.03898,-5.52,0
0.039,-5.44,0
0.03902,-5.52,0
0.03904,-5.52,0
0.03906,-5.52,0
0.03908,-5.52,0
0.0391,-5.6,0
0.03912,-5.52,0
0.03914,-5.6,0
0.03916,-5.44,0
0.03918,-5.52,0
0.0392,-5.52,0
0.03922,-5.52,0
0.03924,-5.6,0
0.03926,-5.52,0
0.03928,-5.44,0
0.0393,-5.52,0
0.03932,-5.52,0
0.03934,-5.6,0
0.03936,-5.44,0
0.03938,-5.6,0
0.0394,-5.52,0
0.03942,-5.52,0
0.03944,-5.52,0
0.03946,-5.52,0
0.03948,-5.6,0
0.0395,-5.52,0
0.03952,-5.52,0
0.03954,-5.52,0
0.03956,-5.52,0
0.03958,-5.52,0
0.0396,-5.44,0
0.03962,-5.6,0
0.03964,-5.44,0
0.03966,-5.52,0
0.03968,-5.52,0
0.0397,-5.6,0
0.03972,-5.52,0
0.03974,-5.6,0
0.03976,-5.52,0
0.03978,-5.52,0
0.0398,-5.44,0
0.03982,-5.52,0
0.03984,-5.52,0
0.03986,-5.6,0
0.03988,-5.52,0
0.0399,-5.52,0
0.03992,-5.52,0
0.03994,-5.52,0
0.03996,-5.52,0
0.03998,-5.52,0
0.04,-5.52,0
0.04002,-5.52,0
0.04004,-5.52,0
0.04006,-5.52,0
0.04008,-5.52,0
0.0401,-5.6,0
0.04012,-5.52,0
0.04014,-5.6,0
0.04016,-5.52,0
0.04018,-5.52,0
0.0402,-5.52,0
0.04022,-5.6,0
0.04024,-5.52,0
0.04026,-5.6,0
0.04028,-5.52,0
0.0403,-5.52,0
0.04032,-5.52,0
0.04034,-5.52,0
0.04036,-5.52,0
0.04038,-5.52,0
0.0404,-5.52,0
0.04042,-5.6,0
0.04044,-5.52,0
0.04046,-5.6,0
0.04048,-5.6,0
0.0405,-5.6,0
0.04052,-5.6,0
0.04054,-5.52,0
0.04056,-5.52,0
0.04058,-5.52,0
0.0406,-5.52,0
0.04062,-5.6,0
0.04064,-5.52,0
0.04066,-5.52,0
0.04068,-5.44,0
0.0407,-5.6,0
0.04072,-5.52,0
0.04074,-5.52,0
0.04076,-5.6,0
0.04078,-5.6,0
0.0408,-5.52,0
0.04082,-5.52,0
0.04084,-5.52,0
0.04086,-5.6,0
0.04088,-5.6,0
0.0409,-5.6,0
0.04092,-5.52,0
0.04094,-5.6,0
0.04096,-5.6,0
0.04098,-5.52,0
0.041,-5.52,0
0.04102,-5.52,0
0.04104,-5.6,0
0.04106,-5.6,0
0.04108,-5.52,0
0.0411,-5.52,0
0.04112,-5.44,0
0.04114,-5.52,0
0.04116,-5.52,0
0.04118,-5.6,0
0.0412,-5.52,0
0.04122,-5.6,0
0.04124,-5.52,0
0.04126,-5.52,0
0.04128,-5.52,0
0.0413,-5.52,0
0.04132,-5.52,0
0.04134,-5.52,0
0.04136,-5.52,0
0.04138,-5.52,0
0.0414,-5.6,0
0.04142,-5.6,0
0.04144,-5.52,0
0.04146,-5.52,0
0.04148,-5.52,0
0.0415,-5.52,0
0.04152,-5.52,0
0.04154,-5.6,0
0.04156,-5.52,0
0.04158,-5.68,0
0.0416,-5.52,0
0.04162,-5.52,0
0.04164,-5.52,0
0.04166,-5.52,0
0.04168,-5.6,0
0.0417,-5.52,0
0.04172,-5.52,0
0.04174,-5.6,0
0.04176,-5.6,0
0.04178,-5.6,0
0.0418,-5.52,0
0.04182,-5.6,0
0.04184,-5.52,0
0.04186,-5.52,0
0.04188,-5.52,0
0.0419,-5.6,0
0.04192,-5.52,0
0.04194,-5.6,0
0.04196,-5.52,0
0.04198,-5.52,0
0.042,-5.52,0
0.04202,-5.44,0
0.04204,-5.52,0
0.04206,-5.52,0
0.04208,-5.52,0
0.0421,-5.52,0
0.04212,-5.52,0
0.04214,-5.6,0
0.04216,-5.52,0
0.04218,-5.52,0
0.0422,-5.6,0
0.04222,-5.6,0
0.04224,-5.6,0
0.04226,-5.52,0
0.04228,-5.52,0
0.0423,-5.6,0
0.04232,-5.52,0
0.04234,-5.6,0
0.04236,-5.52,0
0.04238,-5.52,0
0.0424,-5.52,0
0.04242,-5.52,0
0.04244,-5.6,0
0.04246,-5.52,0
0.04248,-5.52,0
0.0425,-5.52,0
0.04252,-5.52,0
0.04254,-5.6,0
0.04256,-5.6,0
0.04258,-5.6,0
0.0426,-5.52,0
0.04262,-5.6,0
0.04264,-5.6,0
0.04266,-5.6,0
0.04268,-5.52,0
0.0427,-5.52,0
0.04272,-5.6,0
0.04274,-5.6,0
0.04276,-5.52,0
0.04278,-5.52,0
0.0428,-5.6,0
0.04282,-5.6,0
0.04284,-5.52,0
0.04286,-5.52,0
0.04288,-5.52,0
0.0429,-5.6,0
0.04292,-5.6,0
0.04294,-5.6,0
0.04296,-5.6,0
0.04298,-5.52,0
0.043,-5.52,0
0.04302,-5.52,0
0.04304,-5.52,0
0.04306,-5.52,0
0.04308,-5.6,0
0.0431,-5.52,0
0.04312,-5.6,0
0.04314,-5.6,0
0.04316,-5.52,0
0.04318,-5.6,0
0.0432,-5.6,0
0.04322,-5.6,0
0.04324,-5.52,0
0.04326,-5.52,0
0.04328,-5.6,0
0.0433,-5.52,0
0.04332,-5.6,0
0.04334,-5.52,0
0.04336,-5.52,0
0.04338,-5.6,0
0.0434,-5.6,0
0.04342,-5.6,0
0.04344,-5.52,0
0.04346,-5.6,0
0.04348,-5.52,0
0.0435,-5.52,0
0.04352,-5.6,0
0.04354,-5.6,0
0.04356,-5.6,0
0.04358,-5.52,0
0.0436,-5.52,0
0.04362,-5.6,0
0.04364,-5.52,0
0.04366,-5.6,0
0.04368,-5.6,0
0.0437,-5.52,0
0.04372,-5.52,0
0.04374,-5.6,0
0.04376,-5.52,0
0.04378,-5.6,0
0.0438,-5.52,0
0.04382,-5.52,0
0.04384,-5.6,0
0.04386,-5.6,0
0.04388,-5.6,0
0.0439,-5.6,0
0.04392,-5.52,0
0.04394,-5.6,0
0.04396,-5.52,0
0.04398,-5.52,0
0.044,-5.6,0
0.04402,-5.6,0
0.04404,-5.52,0
0.04406,-5.52,0
0.04408,-5.52,0
0.0441,-5.52,0
0.04412,-5.52,0
0.04414,-5.6,0
0.04416,-5.44,0
0.04418,-5.52,0
0.0442,-5.52,0
0.04422,-5.6,0
0.04424,-5.6,0
0.04426,-5.52,0
0.04428,-5.52,0
0.0443,-5.6,0
0.04432,-5.52,0
0.04434,-5.6,0
0.04436,-5.52,0
0.04438,-5.6,0
0.0444,-5.6,0
0.04442,-5.6,0
0.04444,-5.52,0
0.04446,-5.6,0
0.04448,-5.52,0
0.0445,-5.52,0
0.04452,-5.6,0
0.04454,-5.6,0
0.04456,-5.6,0
0.04458,-5.6,0
0.0446,-5.6,0
0.04462,-5.6,0
0.04464,-5.52,0
0.04466,-5.6,0
0.04468,-5.6,0
0.0447,-5.52,0
0.04472,-5.52,0
0.04474,-5.6,0
0.04476,-5.6,0
0.04478,-5.6,0
0.0448,-5.52,0
0.04482,-5.6,0
0.04484,-5.52,0
0.04486,-5.52,0
0.04488,-5.52,0
0.0449,-5.6,0
0.04492,-5.44,0
0.04494,-5.52,0
0.04496,-5.52,0
0.04498,-5.6,0
0.045,-5.6,0
0.04502,-5.44,0
0.04504,-5.52,0
0.04506,-5.6,0
0.04508,-5.6,0
0.0451,-5.6,0
0.04512,-5.44,0
0.04514,-5.6,0
0.04516,-5.6,0
0.04518,-5.6,0
0.0452,-5.52,0
0.04522,-5.52,0
0.04524,-5.6,0
0.04526,-5.52,0
0.04528,-5.52,0
0.0453,-5.6,0
0.04532,-5.6,0
0.04534,-5.52,0
0.04536,-5.6,0
0.04538,-5.6,0
0.0454,-5.6,0
0.04542,-5.6,0
0.04544,-5.52,0
0.04546,-5.52,0
0.04548,-5.52,0
0.0455,-5.6,0
0.04552,-5.6,0
0.04554,-5.6,0
0.04556,-5.6,0
0.04558,-5.6,0
0.0456,-5.52,0
0.04562,-5.52,0
0.04564,-5.6,0
0.04566,-5.68,0
0.04568,-5.52,0
0.0457,-5.6,0
0.04572,-5.52,0
0.04574,-5.6,0
0.04576,-5.52,0
0.04578,-5.6,0
0.0458,-5.52,0
0.04582,-5.6,0
0.04584,-5.6,0
0.04586,-5.52,0
0.04588,-5.52,0
0.0459,-5.52,0
0.04592,-5.52,0
0.04594,-5.6,0
0.04596,-5.6,0
0.04598,-5.6,0
0.046,-5.6,0
0.04602,-5.6,0
0.04604,-5.52,0
0.04606,-5.6,0
0.04608,-5.52,0
0.0461,-5.6,0
0.04612,-5.52,0
0.04614,-5.6,0
0.04616,-5.44,0
0.04618,-5.52,0
0.0462,-5.52,0
0.04622,-5.6,0
0.04624,-5.52,0
0.04626,-5.52,0
0.04628,-5.6,0
0.0463,-5.52,0
0.04632,-5.6,0
0.04634,-5.52,0
0.04636,-5.52,0
0.04638,-5.6,0
0.0464,-5.52,0
0.04642,-5.6,0
0.04644,-5.44,0
0.04646,-5.52,0
0.04648,-5.6,0
0.0465,-5.6,0
0.04652,-5.52,0
0.04654,-5.52,0
0.04656,-5.52,0
0.04658,-5.52,0
0.0466,-5.52,0
0.04662,-5.6,0
0.04664,-5.6,0
0.04666,-5.52,0
0.04668,-5.52,0
0.0467,-5.6,0
0.04672,-5.52,0
0.04674,-5.52,0
0.04676,-5.52,0
0.04678,-5.6,0
0.0468,-5.52,0
0.04682,-5.6,0
0.04684,-5.52,0
0.04686,-5.6,0
0.04688,-5.52,0
0.0469,-5.52,0
0.04692,-5.52,0
0.04694,-5.52,0
0.04696,-5.52,0
0.04698,-5.6,0
0.047,-5.44,0
0.04702,-5.6,0
0.04704,-5.52,0
0.04706,-5.6,0
0.04708,-5.52,0
0.0471,-5.52,0
0.04712,-5.52,0
0.04714,-5.6,0
0.04716,-5.52,0
0.04718,-5.52,0
0.0472,-5.52,0
0.04722,-5.6,0
0.04724,-5.52,0
0.04726,-5.6,0
0.04728,-5.52,0
0.0473,-5.52,0
0.04732,-5.6,0
0.04734,-5.6,0
0.04736,-5.52,0
0.04738,-5.6,0
0.0474,-5.52,0
0.04742,-5.52,0
0.04744,-5.52,0
0.04746,-5.6,0
0.04748,-5.6,0
0.0475,-5.52,0
0.04752,-5.6,0
0.04754,-5.52,0
0.04756,-5.6,0
0.04758,-5.52,0
0.0476,-5.6,0
0.04762,-5.52,0
0.04764,-5.6,0
0.04766,-5.6,0
0.04768,-5.6,0
0.0477,-5.6,0
0.04772,-5.52,0
0.04774,-5.6,0
0.04776,-5.52,0
0.04778,-5.52,0
0.0478,-5.52,0
0.04782,-5.52,0
0.04784,-5.6,0
0.04786,-5.6,0
0.04788,-5.52,0
0.0479,-5.52,0
0.04792,-5.52,0
0.04794,-5.6,0
0.04796,-5.6,0
0.04798,-5.52,0
0.048,-5.52,0
0.04802,-5.6,0
0.04804,-5.44,0
0.04806,-5.52,0
0.04808,-5.6,0
0.0481,-5.6,0
0.04812,-5.52,0
0.04814,-5.6,0
0.04816,-5.52,0
0.04818,-5.6,0
0.0482,-5.52,0
0.04822,-5.6,0
0.04824,-5.52,0
0.04826,-5.52,0
0.04828,-5.52,0
0.0483,-5.52,0
0.04832,-5.52,0
0.04834,-5.52,0
0.04836,-5.52,0
0.04838,-5.6,0
0.0484,-5.52,0
0.04842,-5.6,0
0.04844,-5.6,0
0.04846,-5.52,0
0.04848,-5.52,0
0.0485,-5.6,0
0.04852,-5.52,0
0.04854,-5.6,0
0.04856,-5.52,0
0.04858,-5.52,0
0.0486,-5.52,0
0.04862,-5.6,0
0.04864,-5.6,0
0.04866,-5.52,0
0.04868,-5.52,0
0.0487,-5.52,0
0.04872,-5.52,0
0.04874,-5.6,0
0.04876,-5.52,0
0.04878,-5.6,0
0.0488,-5.52,0
0.04882,-5.52,0
0.04884,-5.6,0
0.04886,-5.6,0
0.04888,-5.6,0
0.0489,-5.52,0
0.04892,-5.6,0
0.04894,-5.6,0
0.04896,-5.52,0
0.04898,-5.52,0
0.049,-5.44,0
0.04902,-5.52,0
0.04904,-5.6,0
0.04906,-5.6,0
0.04908,-5.52,0
0.0491,-5.52,0
0.04912,-5.6,0
0.04914,-5.52,0
0.04916,-5.52,0
0.04918,-5.52,0
0.0492,-5.52,0
0.04922,-5.52,0
0.04924,-5.52,0
0.04926,-5.6,0
0.04928,-5.6,0
0.0493,-5.52,0
0.04932,-5.52,0
0.04934,-5.6,0
0.04936,-5.52,0
0.04938,-5.52,0
0.0494,-5.6,0
0.04942,-5.6,0
0.04944,-5.52,0
0.04946,-5.52,0
0.04948,-5.52,0
0.0495,-5.6,0
0.04952,-5.52,0
0.04954,-5.52,0
0.04956,-5.52,0
0.04958,-5.52,0
0.0496,-5.44,0
0.04962,-5.6,0
0.04964,-5.52,0
0.04966,-5.6,0
0.04968,-5.52,0
0.0497,-5.52,0
0.04972,-5.44,0
0.04974,-5.52,0
0.04976,-5.52,0
0.04978,-5.6,0
0.0498,-5.52,0
0.04982,-5.6,0
0.04984,-5.52,0
0.04986,-5.6,0
0.04988,-5.6,0
0.0499,-5.6,0
0.04992,-5.6,0
0.04994,-5.6,0
0.04996,-5.52,0
0.04998,-5.52,0
0.05,-5.52,0
0.05002,-5.6,0
0.05004,-5.52,0
0.05006,-5.6,0
0.05008,-5.52,0
0.0501,-5.52,0
0.05012,-5.52,0
0.05014,-5.52,0
0.05016,-5.52,0
0.05018,-5.52,0
0.0502,-5.52,0
0.05022,-5.6,0
0.05024,-5.52,0
0.05026,-5.6,0
0.05028,-5.52,0
0.0503,-5.52,0
0.05032,-5.44,0
0.05034,-5.6,0
0.05036,-5.6,0
0.05038,-5.6,0
0.0504,-5.6,0
0.05042,-5.6,0
0.05044,-5.6,0
0.05046,-5.6,0
0.05048,-5.52,0
0.0505,-5.6,0
0.05052,-5.52,0
0.05054,-5.6,0
0.05056,-5.6,0
0.05058,-5.6,0
0.0506,-5.52,0
0.05062,-5.52,0
0.05064,-5.52,0
0.05066,-5.6,0
0.05068,-5.52,0
0.0507,-5.52,0
0.05072,-5.52,0
0.05074,-5.6,0
0.05076,-5.6,0
0.05078,-5.52,0
0.0508,-5.52,0
0.05082,-5.6,0
0.05084,-5.52,0
0.05086,-5.6,0
0.05088,-5.6,0
0.0509,-5.6,0
0.05092,-5.52,0
0.05094,-5.6,0
0.05096,-5.52,0
0.05098,-5.6,0
0.051,-5.52,0
0.05102,-5.6,0
0.05104,-5.6,0
0.05106,-5.52,0
0.05108,-5.52,0
0.0511,-5.6,0
0.05112,-5.52,0
0.05114,-5.6,0
0.05116,-5.6,0
0.05118,-5.44,0
0.0512,-5.52,0
0.05122,-5.6,0
0.05124,-5.44,0
0.05126,-5.6,0
0.05128,-5.52,0
0.0513,-5.6,0
0.05132,-5.52,0
0.05134,-5.6,0
0.05136,-5.52,0
0.05138,-5.52,0
0.0514,-5.52,0
0.05142,-5.6,0
0.05144,-5.52,0
0.05146,-5.6,0
0.05148,-5.52,0
0.0515,-5.52,0
0.05152,-5.52,0
0.05154,-5.6,0
0.05156,-5.44,0
0.05158,-5.52,0
0.0516,-5.52,0
0.05162,-5.6,0
0.05164,-5.6,0
0.05166,-5.6,0
0.05168,-5.52,0
0.0517,-5.6,0
0.05172,-5.52,0
0.05174,-5.6,0
0.05176,-5.52,0
0.05178,-5.52,0
0.0518,-5.52,0
0.05182,-5.6,0
0.05184,-5.52,0
0.05186,-5.6,0
0.05188,-5.52,0
0.0519,-5.52,0
0.05192,-5.52,0
0.05194,-5.52,0
0.05196,-5.52,0
0.05198,-5.52,0
0.052,-5.52,0
0.05202,-5.6,0
0.05204,-5.6,0
0.05206,-5.52,0
0.05208,-5.6,0
0.0521,-5.6,0
0.05212,-5.52,0
0.05214,-5.52,0
0.05216,-5.52,0
0.05218,-5.6,0
0.0522,-5.52,0
0.05222,-5.6,0
0.05224,-5.52,0
0.05226,-5.52,0
0.05228,-5.6,0
0.0523,-5.52,0
0.05232,-5.6,0
0.05234,-5.6,0
0.05236,-5.52,0
0.05238,-5.52,0
0.0524,-5.52,0
0.05242,-5.6,0
0.05244,-5.52,0
0.05246,-5.6,0
0.05248,-5.52,0
0.0525,-5.52,0
0.05252,-5.6,0
0.05254,-5.52,0
0.05256,-5.6,0
0.05258,-5.6,0
0.0526,-5.52,0
0.05262,-5.6,0
0.05264,-5.52,0
0.05266,-5.6,0
0.05268,-5.52,0
0.0527,-5.6,0
0.05272,-5.44,0
0.05274,-5.6,0
0.05276,-5.52,0
0.05278,-5.6,0
0.0528,-5.6,0
0.05282,-5.6,0
0.05284,-5.52,0
0.05286,-5.6,0
0.05288,-5.52,0
0.0529,-5.52,0
0.05292,-5.6,0
0.05294,-5.6,0
0.05296,-5.6,0
0.05298,-5.6,0
0.053,-5.52,0
0.05302,-5.6,0
0.05304,-5.6,0
0.05306,-5.6,0
0.05308,-5.52,0
0.0531,-5.52,0
0.05312,-5.6,0
0.05314,-5.52,0
0.05316,-5.52,0
0.05318,-5.52,0
0.0532,-5.52,0
0.05322,-5.52,0
0.05324,-5.6,0
0.05326,-5.6,0
0.05328,-5.52,0
0.0533,-5.6,0
0.05332,-5.6,0
0.05334,-5.6,0
0.05336,-5.52,0
0.05338,-5.6,0
0.0534,-5.52,0
0.05342,-5.6,0
0.05344,-5.6,0
0.05346,-5.6,0
0.05348,-5.44,0
0.0535,-5.6,0
0.05352,-5.52,0
0.05354,-5.52,0
0.05356,-5.52,0
0.05358,-5.52,0
0.0536,-5.52,0
0.05362,-5.52,0
0.05364,-5.52,0
0.05366,-5.6,0
0.05368,-5.52,0
0.0537,-5.52,0
0.05372,-5.44,0
0.05374,-5.6,0
0.05376,-5.52,0
0.05378,-5.6,0
0.0538,-5.44,0
0.05382,-5.6,0
0.05384,-5.6,0
0.05386,-5.6,0
0.05388,-5.6,0
0.0539,-5.6,0
0.05392,-5.6,0
0.05394,-5.6,0
0.05396,-5.52,0
0.05398,-5.6,0
0.054,-5.6,0
0.05402,-5.6,0
0.05404,-5.6,0
0.05406,-5.6,0
0.05408,-5.52,0
0.0541,-5.6,0
0.05412,-5.52,0
0.05414,-5.6,0
0.05416,-5.52,0
0.05418,-5.52,0
0.0542,-5.6,0
0.05422,-5.52,0
0.05424,-5.52,0
0.05426,-5.52,0
0.05428,-5.52,0
0.0543,-5.6,0
0.05432,-5.52,0
0.05434,-5.6,0
0.05436,-5.6,0
0.05438,-5.52,0
0.0544,-5.6,0
0.05442,-5.6,0
0.05444,-5.6,0
0.05446,-5.52,0
0.05448,-5.6,0
0.0545,-5.6,0
0.05452,-5.6,0
0.05454,-5.6,0
0.05456,-5.52,0
0.05458,-5.52,0
0.0546,-5.6,0
0.05462,-5.6,0
0.05464,-5.44,0
0.05466,-5.6,0
0.05468,-5.52,0
0.0547,-5.6,0
0.05472,-5.52,0
0.05474,-5.6,0
0.05476,-5.6,0
0.05478,-5.52,0
0.0548,-5.6,0
0.05482,-5.6,0
0.05484,-5.6,0
0.05486,-5.6,0
0.05488,-5.6,0
0.0549,-5.52,0
0.05492,-5.6,0
0.05494,-5.52,0
0.05496,-5.44,0
0.05498,-5.6,0
0.055,-5.52,0
0.05502,-5.52,0
0.05504,-5.52,0
0.05506,-5.6,0
0.05508,-5.52,0
0.0551,-5.6,0
0.05512,-5.6,0
0.05514,-5.6,0
0.05516,-5.6,0
0.05518,-5.52,0
0.0552,-5.52,0
0.05522,-5.6,0
0.05524,-5.52,0
0.05526,-5.6,0
0.05528,-5.6,0
0.0553,-5.6,0
0.05532,-5.6,0
0.05534,-5.6,0
0.05536,-5.6,0
0.05538,-5.52,0
0.0554,-5.52,0
0.05542,-5.52,0
0.05544,-5.52,0
0.05546,-5.6,0
0.05548,-5.52,0
0.0555,-5.52,0
0.05552,-5.52,0
0.05554,-5.6,0
0.05556,-5.52,0
0.05558,-5.6,0
0.0556,-5.52,0
0.05562,-5.6,0
0.05564,-5.52,0
0.05566,-5.6,0
0.05568,-5.52,0
0.0557,-5.6,0
0.05572,-5.52,0
0.05574,-5.6,0
0.05576,-5.6,0
0.05578,-5.6,0
0.0558,-5.6,0
0.05582,-5.6,0
0.05584,-5.6,0
0.05586,-5.6,0
0.05588,-5.52,0
0.0559,-5.52,0
0.05592,-5.52,0
0.05594,-5.6,0
0.05596,-5.6,0
0.05598,-5.6,0
0.056,-5.52,0
0.05602,-5.6,0
0.05604,-5.6,0
0.05606,-5.6,0
0.05608,-5.6,0
0.0561,-5.6,0
0.05612,-5.6,0
0.05614,-5.6,0
0.05616,-5.52,0
0.05618,-5.52,0
0.0562,-5.6,0
0.05622,-5.52,0
0.05624,-5.6,0
0.05626,-5.6,0
0.05628,-5.52,0
0.0563,-5.52,0
0.05632,-5.52,0
0.05634,-5.52,0
0.05636,-5.6,0
0.05638,-5.6,0
0.0564,-5.52,0
0.05642,-5.6,0
0.05644,-5.52,0
0.05646,-5.6,0
0.05648,-5.6,0
0.0565,-5.6,0
0.05652,-5.52,0
0.05654,-5.6,0
0.05656,-5.6,0
0.05658,-5.6,0
0.0566,-5.52,0
0.05662,-5.6,0
0.05664,-5.52,0
0.05666,-5.6,0
0.05668,-5.52,0
0.0567,-5.6,0
0.05672,-5.52,0
0.05674,-5.6,0
0.05676,-5.52,0
0.05678,-5.68,0
0.0568,-5.52,0
0.05682,-5.6,0
0.05684,-5.52,0
0.05686,-5.6,0
0.05688,-5.6,0
0.0569,-5.52,0
0.05692,-5.6,0
0.05694,-5.6,0
0.05696,-5.52,0
0.05698,-5.52,0
0.057,-5.6,0
0.05702,-5.6,0
0.05704,-5.52,0
0.05706,-5.6,0
0.05708,-5.52,0
0.0571,-5.6,0
0.05712,-5.52,0
0.05714,-5.6,0
0.05716,-5.52,0
0.05718,-5.6,0
0.0572,-5.52,0
0.05722,-5.52,0
0.05724,-5.52,0
0.05726,-5.6,0
0.05728,-5.6,0
0.0573,-5.6,0
0.05732,-5.52,0
0.05734,-5.6,0
0.05736,-5.6,0
0.05738,-5.6,0
0.0574,-5.6,0
0.05742,-5.52,0
0.05744,-5.52,0
0.05746,-5.52,0
0.05748,-5.52,0
0.0575,-5.6,0
0.05752,-5.52,0
0.05754,-5.52,0
0.05756,-5.52,0
0.05758,-5.52,0
0.0576,-5.6,0
0.05762,-5.52,0
0.05764,-5.6,0
0.05766,-5.52,0
0.05768,-5.52,0
0.0577,-5.6,0
0.05772,-5.6,0
0.05774,-5.6,0
0.05776,-5.6,0
0.05778,-5.6,0
0.0578,-5.44,0
0.05782,-5.6,0
0.05784,-5.52,0
0.05786,-5.6,0
0.05788,-5.52,0
0.0579,-5.6,0
0.05792,-5.52,0
0.05794,-5.6,0
0.05796,-5.52,0
0.05798,-5.52,0
0.058,-5.52,0
0.05802,-5.52,0
0.05804,-5.52,0
0.05806,-5.6,0
0.05808,-5.6,0
0.0581,-5.6,0
0.05812,-5.52,0
0.05814,-5.6,0
0.05816,-5.6,0
0.05818,-5.52,0
0.0582,-5.52,0
0.05822,-5.6,0
0.05824,-5.44,0
0.05826,-5.52,0
0.05828,-5.6,0
0.0583,-5.6,0
0.05832,-5.6,0
0.05834,-5.6,0
0.05836,-5.52,0
0.05838,-5.52,0
0.0584,-5.6,0
0.05842,-5.52,0
0.05844,-5.52,0
0.05846,-5.52,0
0.05848,-5.52,0
0.0585,-5.6,0
0.05852,-5.6,0
0.05854,-5.6,0
0.05856,-5.6,0
0.05858,-5.6,0
0.0586,-5.52,0
0.05862,-5.6,0
0.05864,-5.52,0
0.05866,-5.6,0
0.05868,-5.6,0
0.0587,-5.52,0
0.05872,-5.52,0
0.05874,-5.52,0
0.05876,-5.52,0
0.05878,-5.28,0
0.0588,-5.12,0
0.05882,-5.04,0
0.05884,-4.8,0
0.05886,-4.64,0
0.05888,-4.48,0
0.0589,-4.4,0
0.05892,-4.16,0
0.05894,-4.08,0
0.05896,-3.92,0
0.05898,-3.76,0
0.059,-3.68,0
0.05902,-3.52,0
0.05904,-3.36,0
0.05906,-3.2,0
0.05908,-3.04,0
0.0591,-2.96,0
0.05912,-2.8,0
0.05914,-2.72,0
0.05916,-2.56,0
0.05918,-2.48,0
0.0592,-2.4,0
0.05922,-2.24,0
0.05924,-2.08,0
0.05926,-2,0
0.05928,-1.84,0
0.0593,-1.76,0
0.05932,-1.68,0
0.05934,-1.6,0
0.05936,-1.44,0
0.05938,-1.28,0
0.0594,-1.28,0
0.05942,-1.12,0
0.05944,-1.04,0
0.05946,-0.96,0
0.05948,-0.8,0
0.0595,-0.8,0
0.05952,-0.64,0
0.05954,-0.56,0
0.05956,-0.48,0
0.05958,-0.4,0
0.0596,-0.32,0
0.05962,-0.24,0
0.05964,-0.16,0
0.05966,0,0
0.05968,0.08,0
0.0597,0.08,0
0.05972,0.16,0
0.05974,0.32,0
0.05976,0.4,0
0.05978,0.48,0
0.0598,0.48,0
0.05982,0.48,0
0.05984,0.64,0
0.05986,0.72,0
0.05988,0.8,0
0.0599,0.88,0
0.05992,0.96,0
0.05994,1.04,0
0.05996,1.12,0
0.05998,1.12,0
0.06,1.2,0
0.06002,1.28,0
0.06004,1.36,0
0.06006,1.36,0
0.06008,1.44,0
0.0601,1.52,0
0.06012,1.6,0
0.06014,1.6,0
0.06016,1.68,0
0.06018,1.68,0
0.0602,1.76,0
0.06022,1.76,0
0.06024,1.92,0
0.06026,1.92,0
0.06028,2,0
0.0603,2.08,0
0.06032,2.16,0
0.06034,2.08,0
0.06036,2.24,0
0.06038,2.24,0
0.0604,2.24,0
0.06042,2.32,0
0.06044,2.4,0
0.06046,2.4,0
0.06048,2.56,0
0.0605,2.48,0
0.06052,2.64,0
0.06054,2.56,0
0.06056,2.64,0
0.06058,2.72,0
0.0606,2.72,0
0.06062,2.8,0
0.06064,2.88,0
0.06066,2.88,0
0.06068,2.96,0
0.0607,2.96,0
0.06072,2.96,0
0.06074,3.04,0
0.06076,3.12,0
0.06078,3.12,0
0.0608,3.2,0
0.06082,3.12,0
0.06084,3.2,0
0.06086,3.2,0
0.06088,3.28,0
0.0609,3.36,0
0.06092,3.36,0
0.06094,3.36,0
0.06096,3.44,0
0.06098,3.44,0
0.061,3.44,0
0.06102,3.6,0
0.06104,3.52,0
0.06106,3.52,0
0.06108,3.52,0
0.0611,3.6,0
0.06112,3.68,0
0.06114,3.68,0
0.06116,3.68,0
0.06118,3.68,0
0.0612,3.76,0
0.06122,3.68,0
0.06124,3.76,0
0.06126,3.76,0
0.06128,3.92,0
0.0613,3.84,0
0.06132,3.92,0
0.06134,3.92,0
0.06136,4,0
0.06138,4,0
0.0614,4,0
0.06142,4,0
0.06144,4,0
0.06146,4,0
0.06148,4.08,0
0.0615,4.08,0
0.06152,4.08,0
0.06154,4.16,0
0.06156,4.16,0
0.06158,4.16,0
0.0616,4.24,0
0.06162,4.24,0
0.06164,4.32,0
0.06166,4.24,0
0.06168,4.32,0
0.0617,4.32,0
0.06172,4.32,0
0.06174,4.32,0
0.06176,4.32,0
0.06178,4.32,0
0.0618,4.4,0
0.06182,4.32,0
0.06184,4.4,0
0.06186,4.4,0
0.06188,4.48,0
0.0619,4.48,0
0.06192,4.56,0
0.06194,4.4,0
0.06196,4.48,0
0.06198,4.56,0
0.062,4.56,0
0.06202,4.56,0
0.06204,4.56,0
0.06206,4.56,0
0.06208,4.64,0
0.0621,4.56,0
0.06212,4.64,0
0.06214,4.64,0
0.06216,4.56,0
0.06218,4.64,0
0.0622,4.64,0
0.06222,4.64,0
0.06224,4.64,0
0.06226,4.64,0
0.06228,4.8,0
0.0623,4.72,0
0.06232,4.72,0
0.06234,4.72,0
0.06236,4.8,0
0.06238,4.72,0
0.0624,4.72,0
0.06242,4.72,0
0.06244,4.8,0
0.06246,4.8,0
0.06248,4.8,0
0.0625,4.8,0
0.06252,4.8,0
0.06254,4.8,0
0.06256,4.8,0
0.06258,4.88,0
0.0626,4.8,0
0.06262,4.88,0
0.06264,4.88,0
0.06266,4.88,0
0.06268,4.96,0
0.0627,4.8,0
0.06272,4.96,0
0.06274,4.96,0
0.06276,4.96,0
0.06278,4.96,0
0.0628,4.96,0
0.06282,4.96,0
0.06284,5.04,0
0.06286,4.96,0
0.06288,4.96,0
0.0629,4.96,0
0.06292,4.96,0
0.06294,4.96,0
0.06296,4.96,0
0.06298,4.96,0
0.063,4.96,0
0.06302,4.96,0
0.06304,5.12,0
0.06306,4.96,0
0.06308,5.04,0
0.0631,4.96,0
0.06312,5.04,0
0.06314,4.96,0
0.06316,5.12,0
0.06318,5.04,0
0.0632,5.12,0
0.06322,5.12,0
0.06324,5.04,0
0.06326,5.04,0
0.06328,5.2,0
0.0633,5.04,0
0.06332,5.12,0
0.06334,5.12,0
0.06336,5.12,0
0.06338,5.12,0
0.0634,5.12,0
0.06342,5.12,0
0.06344,5.12,0
0.06346,5.12,0
0.06348,5.2,0
0.0635,5.04,0
0.06352,5.2,0
0.06354,5.2,0
0.06356,5.2,0
0.06358,5.12,0
0.0636,5.12,0
0.06362,5.2,0
0.06364,5.2,0
0.06366,5.2,0
0.06368,5.2,0
0.0637,5.2,0
0.06372,5.2,0
0.06374,5.12,0
0.06376,5.2,0
0.06378,5.12,0
0.0638,5.2,0
0.06382,5.2,0
0.06384,5.2,0
0.06386,5.2,0
0.06388,5.2,0
0.0639,5.2,0
0.06392,5.2,0
0.06394,5.2,0
0.06396,5.2,0
0.06398,5.2,0
0.064,5.28,0
0.06402,5.2,0
0.06404,5.28,0
0.06406,5.2,0
0.06408,5.28,0
0.0641,5.28,0
0.06412,5.28,0
0.06414,5.2,0
0.06416,5.28,0
0.06418,5.2,0
0.0642,5.28,0
0.06422,5.28,0
0.06424,5.28,0
0.06426,5.28,0
0.06428,5.36,0
0.0643,5.28,0
0.06432,5.28,0
0.06434,5.2,0
0.06436,5.28,0
0.06438,5.36,0
0.0644,5.28,0
0.06442,5.28,0
0.06444,5.28,0
0.06446,5.28,0
0.06448,5.28,0
0.0645,5.28,0
0.06452,5.36,0
0.06454,5.2,0
0.06456,5.36,0
0.06458,5.36,0
0.0646,5.36,0
0.06462,5.28,0
0.06464,5.36,0
0.06466,5.28,0
0.06468,5.36,0
0.0647,5.28,0
0.06472,5.36,0
0.06474,5.36,0
0.06476,5.36,0
0.06478,5.28,0
0.0648,5.36,0
0.06482,5.36,0
0.06484,5.36,0
0.06486,5.36,0
0.06488,5.28,0
0.0649,5.36,0
0.06492,5.36,0
0.06494,5.28,0
0.06496,5.44,0
0.06498,5.28,0
0.065,5.36,0
0.06502,5.28,0
0.06504,5.36,0
0.06506,5.36,0
0.06508,5.28,0
0.0651,5.36,0
0.06512,5.36,0
0.06514,5.36,0
0.06516,5.44,0
0.06518,5.36,0
0.0652,5.36,0
0.06522,5.36,0
0.06524,5.28,0
0.06526,5.36,0
0.06528,5.36,0
0.0653,5.36,0
0.06532,5.36,0
0.06534,5.44,0
0.06536,5.36,0
0.06538,5.36,0
0.0654,5.44,0
0.06542,5.36,0
0.06544,5.36,0
0.06546,5.36,0
0.06548,5.36,0
0.0655,5.28,0
0.06552,5.44,0
0.06554,5.44,0
0.06556,5.36,0
0.06558,5.36,0
0.0656,5.36,0
0.06562,5.36,0
0.06564,5.44,0
0.06566,5.36,0
0.06568,5.44,0
0.0657,5.36,0
0.06572,5.44,0
0.06574,5.36,0
0.06576,5.44,0
0.06578,5.36,0
0.0658,5.44,0
0.06582,5.44,0
0.06584,5.44,0
0.06586,5.44,0
0.06588,5.44,0
0.0659,5.36,0
0.06592,5.44,0
0.06594,5.36,0
0.06596,5.44,0
0.06598,5.36,0
0.066,5.44,0
0.06602,5.36,0
0.06604,5.44,0
0.06606,5.44,0
0.06608,5.44,0
0.0661,5.36,0
0.06612,5.44,0
0.06614,5.44,0
0.06616,5.44,0
0.06618,5.44,0
0.0662,5.44,0
0.06622,5.36,0
0.06624,5.36,0
0.06626,5.36,0
0.06628,5.44,0
0.0663,5.36,0
0.06632,5.44,0
0.06634,5.44,0
0.06636,5.44,0
0.06638,5.36,0
0.0664,5.44,0
0.06642,5.44,0
0.06644,5.36,0
0.06646,5.36,0
0.06648,5.44,0
0.0665,5.36,0
0.06652,5.44,0
0.06654,5.36,0
0.06656,5.44,0
0.06658,5.36,0
0.0666,5.44,0
0.06662,5.36,0
0.06664,5.44,0
0.06666,5.44,0
0.06668,5.44,0
0.0667,5.36,0
0.06672,5.44,0
0.06674,5.44,0
0.06676,5.44,0
0.06678,5.44,0
0.0668,5.44,0
0.06682,5.44,0
0.06684,5.52,0
0.06686,5.44,0
0.06688,5.44,0
0.0669,5.44,0
0.06692,5.44,0
0.06694,5.36,0
0.06696,5.44,0
0.06698,5.36,0
0.067,5.44,0
0.06702,5.44,0
0.06704,5.44,0
0.06706,5.44,0
0.06708,5.44,0
0.0671,5.44,0
0.06712,5.36,0
0.06714,5.36,0
0.06716,5.44,0
0.06718,5.44,0
0.0672,5.44,0
0.06722,5.36,0
0.06724,5.44,0
0.06726,5.44,0
0.06728,5.44,0
0.0673,5.44,0
0.06732,5.36,0
0.06734,5.36,0
0.06736,5.44,0
0.06738,5.44,0
0.0674,5.52,0
0.06742,5.44,0
0.06744,5.44,0
0.06746,5.36,0
0.06748,5.52,0
0.0675,5.36,0
0.06752,5.44,0
0.06754,5.44,0
0.06756,5.44,0
0.06758,5.44,0
0.0676,5.44,0
0.06762,5.44,0
0.06764,5.44,0
0.06766,5.44,0
0.06768,5.52,0
0.0677,5.44,0
0.06772,5.52,0
0.06774,5.44,0
0.06776,5.44,0
0.06778,5.44,0
0.0678,5.44,0
0.06782,5.36,0
0.06784,5.44,0
0.06786,5.44,0
0.06788,5.44,0
0.0679,5.44,0
0.06792,5.52,0
0.06794,5.44,0
0.06796,5.44,0
0.06798,5.44,0
0.068,5.44,0
0.06802,5.44,0
0.06804,5.52,0
0.06806,5.44,0
0.06808,5.44,0
0.0681,5.44,0
0.06812,5.44,0
0.06814,5.36,0
0.06816,5.52,0
0.06818,5.44,0
0.0682,5.36,0
0.06822,5.36,0
0.06824,5.44,0
0.06826,5.44,0
0.06828,5.44,0
0.0683,5.44,0
0.06832,5.44,0
0.06834,5.44,0
0.06836,5.44,0
0.06838,5.44,0
0.0684,5.44,0
0.06842,5.44,0
0.06844,5.52,0
0.06846,5.44,0
0.06848,5.44,0
0.0685,5.44,0
0.06852,5.44,0
0.06854,5.44,0
0.06856,5.52,0
0.06858,5.36,0
0.0686,5.44,0
0.06862,5.44,0
0.06864,5.44,0
0.06866,5.44,0
0.06868,5.44,0
0.0687,5.36,0
0.06872,5.52,0
0.06874,5.44,0
0.06876,5.52,0
0.06878,5.44,0
0.0688,5.44,0
0.06882,5.36,0
0.06884,5.44,0
0.06886,5.36,0
0.06888,5.44,0
0.0689,5.44,0
0.06892,5.44,0
0.06894,5.44,0
0.06896,5.44,0
0.06898,5.44,0
0.069,5.44,0
0.06902,5.44,0
0.06904,5.44,0
0.06906,5.44,0
0.06908,5.52,0
0.0691,5.44,0
0.06912,5.52,0
0.06914,5.36,0
0.06916,5.44,0
0.06918,5.44,0
0.0692,5.44,0
0.06922,5.44,0
0.06924,5.44,0
0.06926,5.44,0
0.06928,5.44,0
0.0693,5.44,0
0.06932,5.52,0
0.06934,5.44,0
0.06936,5.44,0
0.06938,5.52,0
0.0694,5.52,0
0.06942,5.52,0
0.06944,5.52,0
0.06946,5.36,0
0.06948,5.44,0
0.0695,5.44,0
0.06952,5.44,0
0.06954,5.44,0
0.06956,5.36,0
0.06958,5.44,0
0.0696,5.44,0
0.06962,5.36,0
0.06964,5.44,0
0.06966,5.44,0
0.06968,5.44,0
0.0697,5.44,0
0.06972,5.44,0
0.06974,5.44,0
0.06976,5.44,0
0.06978,5.44,0
0.0698,5.52,0
0.06982,5.44,0
0.06984,5.44,0
0.06986,5.36,0
0.06988,5.44,0
0.0699,5.44,0
0.06992,5.44,0
0.06994,5.44,0
0.06996,5.44,0
0.06998,5.44,0
0.07,5.44,0
0.07002,5.52,0
0.07004,5.44,0
0.07006,5.44,0
0.07008,5.44,0
0.0701,5.44,0
0.07012,5.44,0
0.07014,5.44,0
0.07016,5.44,0
0.07018,5.44,0
0.0702,5.44,0
0.07022,5.44,0
0.07024,5.44,0
0.07026,5.44,0
0.07028,5.44,0
0.0703,5.36,0
0.07032,5.44,0
0.07034,5.52,0
0.07036,5.52,0
0.07038,5.44,0
0.0704,5.44,0
0.07042,5.36,0
0.07044,5.52,0
0.07046,5.44,0
0.07048,5.44,0
0.0705,5.44,0
0.07052,5.44,0
0.07054,5.44,0
0.07056,5.44,0
0.07058,5.44,0
0.0706,5.44,0
0.07062,5.44,0
0.07064,5.44,0
0.07066,5.44,0
0.07068,5.44,0
0.0707,5.44,0
0.07072,5.44,0
0.07074,5.44,0
0.07076,5.52,0
0.07078,5.44,0
0.0708,5.44,0
0.07082,5.44,0
0.07084,5.44,0
0.07086,5.44,0
0.07088,5.52,0
0.0709,5.44,0
0.07092,5.44,0
0.07094,5.44,0
0.07096,5.52,0
0.07098,5.36,0
0.071,5.44,0
0.07102,5.44,0
0.07104,5.44,0
0.07106,5.44,0
0.07108,5.44,0
0.0711,5.36,0
0.07112,5.44,0
0.07114,5.44,0
0.07116,5.52,0
0.07118,5.44,0
0.0712,5.44,0
0.07122,5.36,0
0.07124,5.44,0
0.07126,5.44,0
0.07128,5.52,0
0.0713,5.44,0
0.07132,5.52,0
0.07134,5.44,0
0.07136,5.44,0
0.07138,5.44,0
0.0714,5.44,0
0.07142,5.44,0
0.07144,5.44,0
0.07146,5.44,0
0.07148,5.44,0
0.0715,5.44,0
0.07152,5.44,0
0.07154,5.44,0
0.07156,5.44,0
0.07158,5.44,0
0.0716,5.36,0
0.07162,5.44,0
0.07164,5.44,0
0.07166,5.44,0
0.07168,5.44,0
0.0717,5.44,0
0.07172,5.44,0
0.07174,5.44,0
0.07176,5.52,0
0.07178,5.44,0
0.0718,5.52,0
0.07182,5.44,0
0.07184,5.44,0
0.07186,5.44,0
0.07188,5.44,0
0.0719,5.44,0
0.07192,5.44,0
0.07194,5.44,0
0.07196,5.44,0
0.07198,5.44,0
0.072,5.44,0
0.07202,5.44,0
0.07204,5.44,0
0.07206,5.44,0
0.07208,5.44,0
0.0721,5.36,0
0.07212,5.44,0
0.07214,5.44,0
0.07216,5.44,0
0.07218,5.44,0
0.0722,5.44,0
0.07222,5.44,0
0.07224,5.52,0
0.07226,5.44,0
0.07228,5.44,0
0.0723,5.52,0
0.07232,5.52,0
0.07234,5.44,0
0.07236,5.44,0
0.07238,5.44,0
0.0724,5.44,0
0.07242,5.36,0
0.07244,5.52,0
0.07246,5.44,0
0.07248,5.44,0
0.0725,5.44,0
0.07252,5.52,0
0.07254,5.44,0
0.07256,5.44,0
0.07258,5.44,0
0.0726,5.44,0
0.07262,5.44,0
0.07264,5.52,0
0.07266,5.52,0
0.07268,5.44,0
0.0727,5.44,0
0.07272,5.44,0
0.07274,5.44,0
0.07276,5.52,0
0.07278,5.52,0
0.0728,5.52,0
0.07282,5.44,0
0.07284,5.44,0
0.07286,5.44,0
0.07288,5.44,0
0.0729,5.44,0
0.07292,5.44,0
0.07294,5.44,0
0.07296,5.52,0
0.07298,5.44,0
0.073,5.44,0
0.07302,5.44,0
0.07304,5.52,0
0.07306,5.44,0
0.07308,5.44,0
0.0731,5.44,0
0.07312,5.44,0
0.07314,5.44,0
0.07316,5.52,0
0.07318,5.44,0
0.0732,5.44,0
0.07322,5.44,0
0.07324,5.52,0
0.07326,5.44,0
0.07328,5.44,0
0.0733,5.44,0
0.07332,5.44,0
0.07334,5.52,0
0.07336,5.52,0
0.07338,5.44,0
0.0734,5.44,0
0.07342,5.36,0
0.07344,5.44,0
0.07346,5.44,0
0.07348,5.52,0
0.0735,5.44,0
0.07352,5.44,0
0.07354,5.44,0
0.07356,5.52,0
0.07358,5.44,0
0.0736,5.44,0
0.07362,5.36,0
0.07364,5.44,0
0.07366,5.52,0
0.07368,5.44,0
0.0737,5.44,0
0.07372,5.44,0
0.07374,5.44,0
0.07376,5.52,0
0.07378,5.36,0
0.0738,5.44,0
0.07382,5.44,0
0.07384,5.44,0
0.07386,5.44,0
0.07388,5.52,0
0.0739,5.44,0
0.07392,5.44,0
0.07394,5.44,0
0.07396,5.44,0
0.07398,5.44,0
0.074,5.52,0
0.07402,5.44,0
0.07404,5.44,0
0.07406,5.44,0
0.07408,5.44,0
0.0741,5.44,0
0.07412,5.36,0
0.07414,5.44,0
0.07416,5.44,0
0.07418,5.44,0
0.0742,5.44,0
0.07422,5.44,0
0.07424,5.44,0
0.07426,5.44,0
0.07428,5.52,0
0.0743,5.44,0
0.07432,5.36,0
0.07434,5.44,0
0.07436,5.44,0
0.07438,5.44,0
0.0744,5.44,0
0.07442,5.44,0
0.07444,5.52,0
0.07446,5.44,0
0.07448,5.44,0
0.0745,5.44,0
0.07452,5.52,0
0.07454,5.44,0
0.07456,5.44,0
0.07458,5.44,0
0.0746,5.52,0
0.07462,5.36,0
0.07464,5.44,0
0.07466,5.44,0
0.07468,5.44,0
0.0747,5.44,0
0.07472,5.52,0
0.07474,5.44,0
0.07476,5.44,0
0.07478,5.44,0
0.0748,5.44,0
0.07482,5.52,0
0.07484,5.44,0
0.07486,5.44,0
0.07488,5.44,0
0.0749,5.44,0
0.07492,5.52,0
0.07494,5.44,0
0.07496,5.44,0
0.07498,5.44,0
0.075,5.44,0
0.07502,5.44,0
0.07504,5.44,0
0.07506,5.44,0
0.07508,5.52,0
0.0751,5.36,0
0.07512,5.52,0
0.07514,5.44,0
0.07516,5.44,0
0.07518,5.44,0
0.0752,5.52,0
0.07522,5.44,0
0.07524,5.52,0
0.07526,5.44,0
0.07528,5.44,0
0.0753,5.44,0
0.07532,5.44,0
0.07534,5.52,0
0.07536,5.44,0
0.07538,5.44,0
0.0754,5.52,0
0.07542,5.44,0
0.07544,5.44,0
0.07546,5.44,0
0.07548,5.52,0
0.0755,5.44,0
0.07552,5.52,0
0.07554,5.44,0
0.07556,5.52,0
0.07558,5.44,0
0.0756,5.44,0
0.07562,5.44,0
0.07564,5.52,0
0.07566,5.44,0
0.07568,5.44,0
0.0757,5.44,0
0.07572,5.52,0
0.07574,5.36,0
0.07576,5.44,0
0.07578,5.44,0
0.0758,5.52,0
0.07582,5.44,0
0.07584,5.44,0
0.07586,5.44,0
0.07588,5.44,0
0.0759,5.44,0
0.07592,5.44,0
0.07594,5.44,0
0.07596,5.44,0
0.07598,5.44,0
0.076,5.44,0
0.07602,5.44,0
0.07604,5.52,0
0.07606,5.52,0
0.07608,5.44,0
0.0761,5.44,0
0.07612,5.44,0
0.07614,5.44,0
0.07616,5.36,0
0.07618,5.44,0
0.0762,5.44,0
0.07622,5.44,0
0.07624,5.52,0
0.07626,5.44,0
0.07628,5.44,0
0.0763,5.52,0
0.07632,5.44,0
0.07634,5.44,0
0.07636,5.44,0
0.07638,5.44,0
0.0764,5.36,0
0.07642,5.44,0
0.07644,5.52,0
0.07646,5.36,0
0.07648,5.52,0
0.0765,5.44,0
0.07652,5.44,0
0.07654,5.44,0
0.07656,5.52,0
0.07658,5.44,0
0.0766,5.44,0
0.07662,5.44,0
0.07664,5.44,0
0.07666,5.44,0
0.07668,5.44,0
0.0767,5.44,0
0.07672,5.44,0
0.07674,5.44,0
0.07676,5.44,0
0.07678,5.44,0
0.0768,5.52,0
0.07682,5.44,0
0.07684,5.44,0
0.07686,5.52,0
0.07688,5.44,0
0.0769,5.44,0
0.07692,5.52,0
0.07694,5.44,0
0.07696,5.52,0
0.07698,5.44,0
0.077,5.52,0
0.07702,5.44,0
0.07704,5.52,0
0.07706,5.44,0
0.07708,5.52,0
0.0771,5.44,0
0.07712,5.44,0
0.07714,5.44,0
0.07716,5.44,0
0.07718,5.44,0
0.0772,5.44,0
0.07722,5.44,0
0.07724,5.44,0
0.07726,5.44,0
0.07728,5.44,0
0.0773,5.44,0
0.07732,5.44,0
0.07734,5.44,0
0.07736,5.44,0
0.07738,5.44,0
0.0774,5.44,0
0.07742,5.44,0
0.07744,5.52,0
0.07746,5.44,0
0.07748,5.44,0
0.0775,5.44,0
0.07752,5.44,0
0.07754,5.44,0
0.07756,5.44,0
0.07758,5.52,0
0.0776,5.44,0
0.07762,5.52,0
0.07764,5.44,0
0.07766,5.44,0
0.07768,5.52,0
0.0777,5.44,0
0.07772,5.44,0
0.07774,5.44,0
0.07776,5.52,0
0.07778,5.44,0
0.0778,5.52,0
0.07782,5.44,0
0.07784,5.36,0
0.07786,5.36,0
0.07788,5.44,0
0.0779,5.44,0
0.07792,5.44,0
0.07794,5.44,0
0.07796,5.52,0
0.07798,5.36,0
0.078,5.44,0
0.07802,5.52,0
0.07804,5.44,0
0.07806,5.44,0
0.07808,5.44,0
0.0781,5.44,0
0.07812,5.44,0
0.07814,5.44,0
0.07816,5.44,0
0.07818,5.44,0
0.0782,5.44,0
0.07822,5.44,0
0.07824,5.44,0
0.07826,5.44,0
0.07828,5.44,0
0.0783,5.44,0
0.07832,5.52,0
0.07834,5.44,0
0.07836,5.52,0
0.07838,5.44,0
0.0784,5.52,0
0.07842,5.36,0
0.07844,5.44,0
0.07846,5.44,0
0.07848,5.44,0
0.0785,5.44,0
0.07852,5.52,0
0.07854,5.44,0
0.07856,5.52,0
0.07858,5.44,0
0.0786,5.44,0
0.07862,5.44,0
0.07864,5.44,0
0.07866,5.44,0
0.07868,5.44,0
0.0787,5.44,0
0.07872,5.52,0
0.07874,5.44,0
0.07876,5.44,0
0.07878,5.44,0
0.0788,5.44,0
0.07882,5.44,0
0.07884,5.52,0
0.07886,5.44,0
0.07888,5.44,0
0.0789,5.52,0
0.07892,5.44,0
0.07894,5.36,0
0.07896,5.44,0
0.07898,5.44,0
0.079,5.44,0
0.07902,5.44,0
0.07904,5.44,0
0.07906,5.44,0
0.07908,5.44,0
0.0791,5.44,0
0.07912,5.52,0
0.07914,5.36,0
0.07916,5.44,0
0.07918,5.44,0
0.0792,5.44,0
0.07922,5.44,0
0.07924,5.44,0
0.07926,5.52,0
0.07928,5.52,0
0.0793,5.44,0
0.07932,5.52,0
0.07934,5.44,0
0.07936,5.44,0
0.07938,5.44,0
0.0794,5.44,0
0.07942,5.44,0
0.07944,5.52,0
0.07946,5.44,0
0.07948,5.52,0
0.0795,5.44,0
0.07952,5.52,0
0.07954,5.44,0
0.07956,5.52,0
0.07958,5.44,0
0.0796,5.44,0
0.07962,5.36,0
0.07964,5.44,0
0.07966,5.44,0
0.07968,5.44,0
0.0797,5.44,0
0.07972,5.52,0
0.07974,5.44,0
0.07976,5.44,0
0.07978,5.44,0
0.0798,5.52,0
0.07982,5.44,0
0.07984,5.52,0
0.07986,5.44,0
0.07988,5.52,0
0.0799,5.44,0
0.07992,5.52,0
0.07994,5.44,0
0.07996,5.44,0
0.07998,5.44,0
0.08,5.52,0
0.08002,5.44,0
0.08004,5.44,0
0.08006,5.44,0
0.08008,5.52,0
0.0801,5.44,0
0.08012,5.44,0
0.08014,5.44,0
0.08016,5.52,0
0.08018,5.44,0
0.0802,5.52,0
0.08022,5.44,0
0.08024,5.52,0
0.08026,5.52,0
0.08028,5.52,0
0.0803,5.44,0
0.08032,5.52,0
0.08034,5.44,0
0.08036,5.44,0
0.08038,5.44,0
0.0804,5.52,0
0.08042,5.44,0
0.08044,5.44,0
0.08046,5.52,0
0.08048,5.52,0
0.0805,5.52,0
0.08052,5.52,0
0.08054,5.44,0
0.08056,5.44,0
0.08058,5.44,0
0.0806,5.44,0
0.08062,5.52,0
0.08064,5.52,0
0.08066,5.44,0
0.08068,5.52,0
0.0807,5.44,0
0.08072,5.44,0
0.08074,5.52,0
0.08076,5.52,0
0.08078,5.44,0
0.0808,5.52,0
0.08082,5.44,0
0.08084,5.52,0
0.08086,5.44,0
0.08088,5.52,0
0.0809,5.44,0
0.08092,5.52,0
0.08094,5.44,0
0.08096,5.44,0
0.08098,5.44,0
0.081,5.44,0
0.08102,5.52,0
0.08104,5.44,0
0.08106,5.44,0
0.08108,5.44,0
0.0811,5.44,0
0.08112,5.44,0
0.08114,5.44,0
0.08116,5.52,0
0.08118,5.44,0
0.0812,5.44,0
0.08122,5.44,0
0.08124,5.44,0
0.08126,5.44,0
0.08128,5.44,0
0.0813,5.44,0
0.08132,5.52,0
0.08134,5.52,0
0.08136,5.44,0
0.08138,5.52,0
0.0814,5.44,0
0.08142,5.44,0
0.08144,5.52,0
0.08146,5.52,0
0.08148,5.44,0
0.0815,5.52,0
0.08152,5.44,0
0.08154,5.44,0
0.08156,5.44,0
0.08158,5.44,0
0.0816,5.52,0
0.08162,5.44,0
0.08164,5.52,0
0.08166,5.44,0
0.08168,5.44,0
0.0817,5.44,0
0.08172,5.52,0
0.08174,5.44,0
0.08176,5.52,0
0.08178,5.44,0
0.0818,5.52,0
0.08182,5.44,0
0.08184,5.52,0
0.08186,5.36,0
0.08188,5.44,0
0.0819,5.44,0
0.08192,5.44,0
0.08194,5.44,0
0.08196,5.44,0
0.08198,5.44,0
0.082,5.52,0
0.08202,5.44,0
0.08204,5.44,0
0.08206,5.44,0
0.08208,5.52,0
0.0821,5.44,0
0.08212,5.44,0
0.08214,5.44,0
0.08216,5.44,0
0.08218,5.44,0
0.0822,5.52,0
0.08222,5.44,0
0.08224,5.52,0
0.08226,5.44,0
0.08228,5.44,0
0.0823,5.52,0
0.08232,5.44,0
0.08234,5.52,0
0.08236,5.52,0
0.08238,5.52,0
0.0824,5.44,0
0.08242,5.44,0
0.08244,5.52,0
0.08246,5.44,0
0.08248,5.44,0
0.0825,5.44,0
0.08252,5.52,0
0.08254,5.44,0
0.08256,5.52,0
0.08258,5.44,0
0.0826,5.44,0
0.08262,5.44,0
0.08264,5.52,0
0.08266,5.44,0
0.08268,5.44,0
0.0827,5.44,0
0.08272,5.44,0
0.08274,5.44,0
0.08276,5.6,0
0.08278,5.52,0
0.0828,5.44,0
0.08282,5.52,0
0.08284,5.52,0
0.08286,5.36,0
0.08288,5.52,0
0.0829,5.44,0
0.08292,5.52,0
0.08294,5.44,0
0.08296,5.44,0
0.08298,5.44,0
0.083,5.44,0
0.08302,5.36,0
0.08304,5.52,0
0.08306,5.44,0
0.08308,5.44,0
0.0831,5.44,0
0.08312,5.52,0
0.08314,5.44,0
0.08316,5.44,0
0.08318,5.44,0
0.0832,5.52,0
0.08322,5.44,0
0.08324,5.44,0
0.08326,5.44,0
0.08328,5.52,0
0.0833,5.44,0
0.08332,5.52,0
0.08334,5.52,0
0.08336,5.52,0
0.08338,5.44,0
0.0834,5.52,0
0.08342,5.36,0
0.08344,5.44,0
0.08346,5.44,0
0.08348,5.44,0
0.0835,5.44,0
0.08352,5.52,0
0.08354,5.44,0
0.08356,5.44,0
0.08358,5.44,0
0.0836,5.44,0
0.08362,5.44,0
0.08364,5.44,0
0.08366,5.44,0
0.08368,5.52,0
0.0837,5.44,0
0.08372,5.52,0
0.08374,5.44,0
0.08376,5.44,0
0.08378,5.44,0
0.0838,5.52,0
0.08382,5.44,0
0.08384,5.44,0
0.08386,5.44,0
0.08388,5.52,0
0.0839,5.44,0
0.08392,5.44,0
0.08394,5.52,0
0.08396,5.52,0
0.08398,5.44,0
0.084,5.44,0
0.08402,5.44,0
0.08404,5.52,0
0.08406,5.44,0
0.08408,5.44,0
0.0841,5.44,0
0.08412,5.44,0
0.08414,5.44,0
0.08416,5.52,0
0.08418,5.44,0
0.0842,5.44,0
0.08422,5.44,0
0.08424,5.52,0
0.08426,5.52,0
0.08428,5.44,0
0.0843,5.44,0
0.08432,5.44,0
0.08434,5.44,0
0.08436,5.52,0
0.08438,5.52,0
0.0844,5.52,0
0.08442,5.44,0
0.08444,5.52,0
0.08446,5.44,0
0.08448,5.52,0
0.0845,5.44,0
0.08452,5.52,0
0.08454,5.44,0
0.08456,5.52,0
0.08458,5.44,0
0.0846,5.44,0
0.08462,5.44,0
0.08464,5.44,0
0.08466,5.44,0
0.08468,5.44,0
0.0847,5.44,0
0.08472,5.52,0
0.08474,5.52,0
0.08476,5.52,0
0.08478,5.44,0
0.0848,5.44,0
0.08482,5.44,0
0.08484,5.52,0
0.08486,5.44,0
0.08488,5.52,0
0.0849,5.52,0
0.08492,5.44,0
0.08494,5.36,0
0.08496,5.44,0
0.08498,5.44,0
0.085,5.52,0
0.08502,5.52,0
0.08504,5.52,0
0.08506,5.52,0
0.08508,5.52,0
0.0851,5.44,0
0.08512,5.52,0
0.08514,5.44,0
0.08516,5.44,0
0.08518,5.44,0
0.0852,5.52,0
0.08522,5.52,0
0.08524,5.44,0
0.08526,5.44,0
0.08528,5.44,0
0.0853,5.44,0
0.08532,5.52,0
0.08534,5.52,0
0.08536,5.52,0
0.08538,5.52,0
0.0854,5.52,0
0.08542,5.52,0
0.08544,5.44,0
0.08546,5.44,0
0.08548,5.44,0
0.0855,5.44,0
0.08552,5.52,0
0.08554,5.44,0
0.08556,5.44,0
0.08558,5.44,0
0.0856,5.52,0
0.08562,5.44,0
0.08564,5.44,0
0.08566,5.44,0
0.08568,5.52,0
0.0857,5.44,0
0.08572,5.44,0
0.08574,5.44,0
0.08576,5.44,0
0.08578,5.44,0
0.0858,5.52,0
0.08582,5.44,0
0.08584,5.44,0
0.08586,5.44,0
0.08588,5.44,0
0.0859,5.52,0
0.08592,5.52,0
0.08594,5.44,0
0.08596,5.52,0
0.08598,5.44,0
0.086,5.44,0
0.08602,5.44,0
0.08604,5.44,0
0.08606,5.44,0
0.08608,5.44,0
0.0861,5.52,0
0.08612,5.52,0
0.08614,5.44,0
0.08616,5.44,0
0.08618,5.52,0
0.0862,5.44,0
0.08622,5.44,0
0.08624,5.52,0
0.08626,5.44,0
0.08628,5.44,0
0.0863,5.44,0
0.08632,5.44,0
0.08634,5.44,0
0.08636,5.44,0
0.08638,5.44,0
0.0864,5.44,0
0.08642,5.44,0
0.08644,5.52,0
0.08646,5.44,0
0.08648,5.44,0
0.0865,5.44,0
0.08652,5.52,0
0.08654,5.44,0
0.08656,5.52,0
0.08658,5.52,0
0.0866,5.44,0
0.08662,5.52,0
0.08664,5.52,0
0.08666,5.44,0
0.08668,5.52,0
0.0867,5.44,0
0.08672,5.44,0
0.08674,5.44,0
0.08676,5.6,0
0.08678,5.44,0
0.0868,5.52,0
0.08682,5.44,0
0.08684,5.52,0
0.08686,5.52,0
0.08688,5.44,0
0.0869,5.44,0
0.08692,5.52,0
0.08694,5.44,0
0.08696,5.52,0
0.08698,5.44,0
0.087,5.52,0
0.08702,5.44,0
0.08704,5.44,0
0.08706,5.44,0
0.08708,5.52,0
0.0871,5.44,0
0.08712,5.52,0
0.08714,5.44,0
0.08716,5.52,0
0.08718,5.44,0
0.0872,5.52,0
0.08722,5.44,0
0.08724,5.52,0
0.08726,5.52,0
0.08728,5.52,0
0.0873,5.44,0
0.08732,5.44,0
0.08734,5.44,0
0.08736,5.52,0
0.08738,5.52,0
0.0874,5.52,0
0.08742,5.44,0
0.08744,5.44,0
0.08746,5.52,0
0.08748,5.52,0
0.0875,5.52,0
0.08752,5.44,0
0.08754,5.52,0
0.08756,5.52,0
0.08758,5.44,0
0.0876,5.52,0
0.08762,5.44,0
0.08764,5.44,0
0.08766,5.52,0
0.08768,5.44,0
0.0877,5.44,0
0.08772,5.52,0
0.08774,5.52,0
0.08776,5.52,0
0.08778,5.44,0
0.0878,5.6,0
0.08782,5.44,0
0.08784,5.44,0
0.08786,5.44,0
0.08788,5.44,0
0.0879,5.44,0
0.08792,5.52,0
0.08794,5.44,0
0.08796,5.52,0
0.08798,5.52,0
0.088,5.52,0
0.08802,5.52,0
0.08804,5.52,0
0.08806,5.52,0
0.08808,5.52,0
0.0881,5.52,0
0.08812,5.52,0
0.08814,5.44,0
0.08816,5.52,0
0.08818,5.52,0
0.0882,5.44,0
0.08822,5.44,0
0.08824,5.52,0
0.08826,5.52,0
0.08828,5.52,0
0.0883,5.52,0
0.08832,5.6,0
0.08834,5.44,0
0.08836,5.52,0
0.08838,5.36,0
0.0884,5.52,0
0.08842,5.44,0
0.08844,5.52,0
0.08846,5.44,0
0.08848,5.52,0
0.0885,5.44,0
0.08852,5.52,0
0.08854,5.44,0
0.08856,5.44,0
0.08858,5.44,0
0.0886,5.44,0
0.08862,5.52,0
0.08864,5.52,0
0.08866,5.44,0
0.08868,5.44,0
0.0887,5.52,0
0.08872,5.44,0
0.08874,5.44,0
0.08876,5.52,0
0.08878,5.44,0
0.0888,5.44,0
0.08882,5.44,0
0.08884,5.52,0
0.08886,5.44,0
0.08888,5.52,0
0.0889,5.52,0
0.08892,5.6,0
0.08894,5.44,0
0.08896,5.44,0
0.08898,5.44,0
0.089,5.6,0
0.08902,5.44,0
0.08904,5.52,0
0.08906,5.44,0
0.08908,5.52,0
0.0891,5.52,0
0.08912,5.52,0
0.08914,5.44,0
0.08916,5.52,0
0.08918,5.44,0
0.0892,5.52,0
0.08922,5.44,0
0.08924,5.52,0
0.08926,5.44,0
0.08928,5.52,0
0.0893,5.44,0
0.08932,5.52,0
0.08934,5.44,0
0.08936,5.6,0
0.08938,5.44,0
0.0894,5.52,0
0.08942,5.44,0
0.08944,5.44,0
0.08946,5.44,0
0.08948,5.52,0
0.0895,5.52,0
0.08952,5.44,0
0.08954,5.44,0
0.08956,5.52,0
0.08958,5.44,0
0.0896,5.44,0
0.08962,5.44,0
0.08964,5.52,0
0.08966,5.44,0
0.08968,5.52,0
0.0897,5.36,0
0.08972,5.52,0
0.08974,5.44,0
0.08976,5.52,0
0.08978,5.44,0
0.0898,5.44,0
0.08982,5.52,0
0.08984,5.6,0
0.08986,5.44,0
0.08988,5.44,0
0.0899,5.44,0
0.08992,5.52,0
0.08994,5.44,0
0.08996,5.52,0
0.08998,5.44,0
0.09,5.44,0
0.09002,5.44,0
0.09004,5.52,0
0.09006,5.44,0
0.09008,5.52,0
0.0901,5.52,0
0.09012,5.52,0
0.09014,5.44,0
0.09016,5.44,0
0.09018,5.44,0
0.0902,5.52,0
0.09022,5.52,0
0.09024,5.44,0
0.09026,5.44,0
0.09028,5.52,0
0.0903,5.44,0
0.09032,5.52,0
0.09034,5.44,0
0.09036,5.52,0
0.09038,5.44,0
0.0904,5.44,0
0.09042,5.44,0
0.09044,5.44,0
0.09046,5.44,0
0.09048,5.52,0
0.0905,5.52,0
0.09052,5.52,0
0.09054,5.44,0
0.09056,5.52,0
0.09058,5.52,0
0.0906,5.52,0
0.09062,5.44,0
0.09064,5.44,0
0.09066,5.44,0
0.09068,5.44,0
0.0907,5.44,0
0.09072,5.52,0
0.09074,5.44,0
0.09076,5.52,0
0.09078,5.52,0
0.0908,5.52,0
0.09082,5.44,0
0.09084,5.52,0
0.09086,5.44,0
0.09088,5.52,0
0.0909,5.44,0
0.09092,5.44,0
0.09094,5.52,0
0.09096,5.6,0
0.09098,5.44,0
0.091,5.52,0
0.09102,5.44,0
0.09104,5.6,0
0.09106,5.44,0
0.09108,5.52,0
0.0911,5.44,0
0.09112,5.52,0
0.09114,5.44,0
0.09116,5.52,0
0.09118,5.44,0
0.0912,5.52,0
0.09122,5.44,0
0.09124,5.44,0
0.09126,5.52,0
0.09128,5.52,0
0.0913,5.44,0
0.09132,5.52,0
0.09134,5.52,0
0.09136,5.52,0
0.09138,5.52,0
0.0914,5.52,0
0.09142,5.52,0
0.09144,5.44,0
0.09146,5.44,0
0.09148,5.6,0
0.0915,5.44,0
0.09152,5.52,0
0.09154,5.44,0
0.09156,5.52,0
0.09158,5.44,0
0.0916,5.44,0
0.09162,5.52,0
0.09164,5.52,0
0.09166,5.44,0
0.09168,5.44,0
0.0917,5.44,0
0.09172,5.52,0
0.09174,5.52,0
0.09176,5.52,0
0.09178,5.44,0
0.0918,5.44,0
0.09182,5.44,0
0.09184,5.52,0
0.09186,5.44,0
0.09188,5.52,0
0.0919,5.36,0
0.09192,5.52,0
0.09194,5.52,0
0.09196,5.44,0
0.09198,5.44,0
0.092,5.52,0
0.09202,5.44,0
0.09204,5.6,0
0.09206,5.52,0
0.09208,5.52,0
0.0921,5.52,0
0.09212,5.52,0
0.09214,5.52,0
0.09216,5.52,0
0.09218,5.52,0
0.0922,5.52,0
0.09222,5.44,0
0.09224,5.52,0
0.09226,5.44,0
0.09228,5.52,0
0.0923,5.44,0
0.09232,5.44,0
0.09234,5.52,0
0.09236,5.52,0
0.09238,5.44,0
0.0924,5.52,0
0.09242,5.52,0
0.09244,5.52,0
0.09246,5.6,0
0.09248,5.52,0
0.0925,5.44,0
0.09252,5.52,0
0.09254,5.44,0
0.09256,5.52,0
0.09258,5.44,0
0.0926,5.44,0
0.09262,5.44,0
0.09264,5.52,0
0.09266,5.44,0
0.09268,5.44,0
0.0927,5.44,0
0.09272,5.52,0
0.09274,5.44,0
0.09276,5.44,0
0.09278,5.44,0
0.0928,5.6,0
0.09282,5.52,0
0.09284,5.52,0
0.09286,5.52,0
0.09288,5.52,0
0.0929,5.44,0
0.09292,5.44,0
0.09294,5.52,0
0.09296,5.52,0
0.09298,5.6,0
0.093,5.52,0
0.09302,5.44,0
0.09304,5.44,0
0.09306,5.44,0
0.09308,5.44,0
0.0931,5.44,0
0.09312,5.52,0
0.09314,5.52,0
0.09316,5.52,0
0.09318,5.44,0
0.0932,5.52,0
0.09322,5.44,0
0.09324,5.52,0
0.09326,5.52,0
0.09328,5.52,0
0.0933,5.52,0
0.09332,5.52,0
0.09334,5.52,0
0.09336,5.6,0
0.09338,5.52,0
0.0934,5.52,0
0.09342,5.44,0
0.09344,5.52,0
0.09346,5.52,0
0.09348,5.52,0
0.0935,5.52,0
0.09352,5.52,0
0.09354,5.52,0
0.09356,5.52,0
0.09358,5.44,0
0.0936,5.44,0
0.09362,5.52,0
0.09364,5.52,0
0.09366,5.44,0
0.09368,5.44,0
0.0937,5.44,0
0.09372,5.52,0
0.09374,5.52,0
0.09376,5.44,0
0.09378,5.44,0
0.0938,5.52,0
0.09382,5.44,0
0.09384,5.52,0
0.09386,5.44,0
0.09388,5.52,0
0.0939,5.52,0
0.09392,5.44,0
0.09394,5.44,0
0.09396,5.52,0
0.09398,5.52,0
0.094,5.52,0
0.09402,5.52,0
0.09404,5.44,0
0.09406,5.44,0
0.09408,5.52,0
0.0941,5.52,0
0.09412,5.6,0
0.09414,5.52,0
0.09416,5.52,0
0.09418,5.52,0
0.0942,5.52,0
0.09422,5.44,0
0.09424,5.44,0
0.09426,5.44,0
0.09428,5.44,0
0.0943,5.52,0
0.09432,5.52,0
0.09434,5.52,0
0.09436,5.52,0
0.09438,5.44,0
0.0944,5.52,0
0.09442,5.44,0
0.09444,5.52,0
0.09446,5.44,0
0.09448,5.52,0
0.0945,5.44,0
0.09452,5.52,0
0.09454,5.44,0
0.09456,5.52,0
0.09458,5.44,0
0.0946,5.52,0
0.09462,5.52,0
0.09464,5.52,0
0.09466,5.44,0
0.09468,5.52,0
0.0947,5.52,0
0.09472,5.52,0
0.09474,5.52,0
0.09476,5.52,0
0.09478,5.44,0
0.0948,5.52,0
0.09482,5.44,0
0.09484,5.52,0
0.09486,5.52,0
0.09488,5.52,0
0.0949,5.52,0
0.09492,5.6,0
0.09494,5.52,0
0.09496,5.52,0
0.09498,5.52,0
0.095,5.44,0
0.09502,5.52,0
0.09504,5.52,0
0.09506,5.52,0
0.09508,5.52,0
0.0951,5.44,0
0.09512,5.44,0
0.09514,5.44,0
0.09516,5.52,0
0.09518,5.44,0
0.0952,5.52,0
0.09522,5.52,0
0.09524,5.44,0
0.09526,5.44,0
0.09528,5.52,0
0.0953,5.52,0
0.09532,5.52,0
0.09534,5.52,0
0.09536,5.52,0
0.09538,5.44,0
0.0954,5.52,0
0.09542,5.44,0
0.09544,5.52,0
0.09546,5.44,0
0.09548,5.52,0
0.0955,5.44,0
0.09552,5.52,0
0.09554,5.52,0
0.09556,5.52,0
0.09558,5.52,0
0.0956,5.44,0
0.09562,5.52,0
0.09564,5.52,0
0.09566,5.44,0
0.09568,5.52,0
0.0957,5.52,0
0.09572,5.52,0
0.09574,5.44,0
0.09576,5.52,0
0.09578,5.44,0
0.0958,5.52,0
0.09582,5.44,0
0.09584,5.52,0
0.09586,5.52,0
0.09588,5.6,0
0.0959,5.44,0
0.09592,5.6,0
0.09594,5.52,0
0.09596,5.52,0
0.09598,5.52,0
0.096,5.6,0
0.09602,5.52,0
0.09604,5.52,0
0.09606,5.52,0
0.09608,5.52,0
0.0961,5.52,0
0.09612,5.52,0
0.09614,5.44,0
0.09616,5.44,0
0.09618,5.44,0
0.0962,5.52,0
0.09622,5.44,0
0.09624,5.52,0
0.09626,5.44,0
0.09628,5.44,0
0.0963,5.52,0
0.09632,5.52,0
0.09634,5.52,0
0.09636,5.6,0
0.09638,5.44,0
0.0964,5.44,0
0.09642,5.52,0
0.09644,5.52,0
0.09646,5.52,0
0.09648,5.52,0
0.0965,5.52,0
0.09652,5.52,0
0.09654,5.44,0
0.09656,5.44,0
0.09658,5.44,0
0.0966,5.6,0
0.09662,5.52,0
0.09664,5.52,0
0.09666,5.44,0
0.09668,5.44,0
0.0967,5.44,0
0.09672,5.6,0
0.09674,5.52,0
0.09676,5.52,0
0.09678,5.52,0
0.0968,5.44,0
0.09682,5.44,0
0.09684,5.44,0
0.09686,5.44,0
0.09688,5.52,0
0.0969,5.36,0
0.09692,5.44,0
0.09694,5.52,0
0.09696,5.44,0
0.09698,5.52,0
0.097,5.52,0
0.09702,5.44,0
0.09704,5.52,0
0.09706,5.52,0
0.09708,5.52,0
0.0971,5.44,0
0.09712,5.52,0
0.09714,5.44,0
0.09716,5.52,0
0.09718,5.52,0
0.0972,5.52,0
0.09722,5.44,0
0.09724,5.52,0
0.09726,5.52,0
0.09728,5.44,0
0.0973,5.44,0
0.09732,5.52,0
0.09734,5.44,0
0.09736,5.52,0
0.09738,5.52,0
0.0974,5.52,0
0.09742,5.52,0
0.09744,5.52,0
0.09746,5.52,0
0.09748,5.44,0
0.0975,5.52,0
0.09752,5.52,0
0.09754,5.44,0
0.09756,5.6,0
0.09758,5.52,0
0.0976,5.52,0
0.09762,5.52,0
0.09764,5.44,0
0.09766,5.52,0
0.09768,5.44,0
0.0977,5.44,0
0.09772,5.52,0
0.09774,5.52,0
0.09776,5.52,0
0.09778,5.44,0
0.0978,5.44,0
0.09782,5.52,0
0.09784,5.6,0
0.09786,5.52,0
0.09788,5.6,0
0.0979,5.52,0
0.09792,5.6,0
0.09794,5.44,0
0.09796,5.28,0
0.09798,5.12,0
0.098,4.96,0
0.09802,4.8,0
0.09804,4.64,0
0.09806,4.48,0
0.09808,4.32,0
0.0981,4.16,0
0.09812,4,0
0.09814,3.92,0
0.09816,3.76,0
0.09818,3.52,0
0.0982,3.44,0
0.09822,3.28,0
0.09824,3.2,0
0.09826,3.04,0
0.09828,2.88,0
0.0983,2.72,0
0.09832,2.64,0
0.09834,2.56,0
0.09836,2.4,0
0.09838,2.24,0
0.0984,2.24,0
0.09842,2.08,0
0.09844,2,0
0.09846,1.84,0
0.09848,1.76,0
0.0985,1.68,0
0.09852,1.52,0
0.09854,1.44,0
0.09856,1.36,0
0.09858,1.2,0
0.0986,1.12,0
0.09862,1.04,0
0.09864,0.96,0
0.09866,0.8,0
0.09868,0.72,0
0.0987,0.64,0
0.09872,0.56,0
0.09874,0.48,0
0.09876,0.4,0
0.09878,0.24,0
0.0988,0.24,0
0.09882,0.08,0
0.09884,0,0
0.09886,-0.08,0
0.09888,-0.16,0
0.0989,-0.32,0
0.09892,-0.32,0
0.09894,-0.4,0
0.09896,-0.48,0
0.09898,-0.56,0
0.099,-0.64,0
0.09902,-0.72,0
0.09904,-0.8,0
0.09906,-0.88,0
0.09908,-0.88,0
0.0991,-0.96,0
0.09912,-1.04,0
0.09914,-1.12,0
0.09916,-1.2,0
0.09918,-1.28,0
0.0992,-1.36,0
0.09922,-1.36,0
0.09924,-1.44,0
0.09926,-1.52,0
0.09928,-1.6,0
0.0993,-1.68,0
0.09932,-1.68,0
0.09934,-1.84,0
0.09936,-1.84,0
0.09938,-1.84,0
0.0994,-1.92,0
0.09942,-2.08,0
0.09944,-2,0
0.09946,-2.08,0
0.09948,-2.16,0
0.0995,-2.24,0
0.09952,-2.24,0
0.09954,-2.32,0
0.09956,-2.32,0
0.09958,-2.4,0
0.0996,-2.48,0
0.09962,-2.48,0
0.09964,-2.56,0
0.09966,-2.64,0
0.09968,-2.72,0
0.0997,-2.72,0
0.09972,-2.72,0
0.09974,-2.72,0
0.09976,-2.8,0
0.09978,-2.88,0
0.0998,-2.88,0
0.09982,-2.96,0
0.09984,-3.04,0
0.09986,-3.04,0
0.09988,-3.04,0
0.0999,-3.12,0
0.09992,-3.04,0
0.09994,-3.2,0
0.09996,-3.12,0
0.09998,-3.2,0
0.1,-3.2,0
0.10002,-3.28,0
0.10004,-3.28,0
0.10006,-3.36,0
0.10008,-3.36,0
0.1001,-3.36,0
0.10012,-3.36,0
0.10014,-3.52,0
0.10016,-3.52,0
0.10018,-3.52,0
0.1002,-3.52,0
0.10022,-3.68,0
0.10024,-3.6,0
0.10026,-3.68,0
0.10028,-3.68,0
0.1003,-3.76,0
0.10032,-3.68,0
0.10034,-3.76,0
0.10036,-3.84,0
0.10038,-3.84,0
0.1004,-3.84,0
0.10042,-3.84,0
0.10044,-3.84,0
0.10046,-3.92,0
0.10048,-3.84,0
0.1005,-4,0
0.10052,-4,0
0.10054,-4,0
0.10056,-4.08,0
0.10058,-4.08,0
0.1006,-4.08,0
0.10062,-4.08,0
0.10064,-4.08,0
0.10066,-4.08,0
0.10068,-4.16,0
0.1007,-4.24,0
0.10072,-4.16,0
0.10074,-4.16,0
0.10076,-4.24,0
0.10078,-4.24,0
0.1008,-4.24,0
0.10082,-4.32,0
0.10084,-4.4,0
0.10086,-4.32,0
0.10088,-4.32,0
0.1009,-4.4,0
0.10092,-4.4,0
0.10094,-4.4,0
0.10096,-4.4,0
0.10098,-4.4,0
0.101,-4.48,0
0.10102,-4.48,0
0.10104,-4.4,0
0.10106,-4.48,0
0.10108,-4.48,0
0.1011,-4.56,0
0.10112,-4.56,0
0.10114,-4.64,0
0.10116,-4.56,0
0.10118,-4,0
0.1012,-4.08,0
0.10122,-4.08,0
0.10124,-4.08,0
0.10126,-4.08,0
0.10128,-4.08,0
0.1013,-4.08,0
0.10132,-4.16,0
0.10134,-4.24,0
0.10136,-4.16,0
0.10138,-4.16,0
0.1014,-4.24,0
0.10142,-4.24,0
0.10144,-4.24,0
0.10146,-4.32,0
0.10148,-4.4,0
0.1015,-4.32,0
0.10152,-4.32,0
0.10154,-4.4,0
0.10156,-4.4,0
0.10158,-4.4,0
0.1016,-4.4,0
0.10162,-4.4,0
0.10164,-4.48,0
0.10166,-4.48,0
0.10168,-4.4,0
0.1017,-4.48,0
0.10172,-4.48,0
0.10174,-4.56,0
0.10176,-4.56,0
0.10178,-4.64,0
0.1018,-4.56,0
0.10182,5.44,0
0.10184,5.44,0
0.10186,5.52,0
0.10188,5.52,0
0.1019,5.44,0
0.10192,5.52,0
0.10194,5.44,0
0.10196,5.52,0
0.10198,5.44,0
0.102,5.52,0
0.10202,5.44,0
0.10204,5.52,0
0.10206,5.44,0
0.10208,5.44,0
0.1021,5.44,0
0.10212,5.44,0
0.10214,5.52,0
0.10216,5.44,0
0.10218,5.44,0
0.1022,5.44,0
0.10222,5.44,0
0.10224,5.44,0
0.10226,5.44,0
0.10228,5.52,0
0.1023,5.44,0
0.10232,5.44,0
0.10234,5.44,0
0.10236,5.44,0
0.10238,5.44,0
0.1024,5.44,0
0.10242,5.44,0
0.10244,5.52,0
0.10246,5.52,0
0.10248,5.44,0
0.1025,5.52,0
0.10252,5.44,0
0.10254,5.44,0
0.10256,5.52,0
0.10258,5.52,0
0.1026,5.44,0
0.10262,5.52,0
0.10264,5.44,0
0.10266,5.44,0
0.10268,5.44,0
0.1027,5.44,0
0.10272,5.52,0
0.10274,5.44,0
0.10276,5.52,0
0.10278,5.44,0
0.1028,5.44,0
0.10282,5.44,0
0.10284,5.52,0
0.10286,5.44,0
0.10288,5.52,0
0.1029,5.44,0
0.10292,5.52,0
0.10294,5.44,0
0.10296,5.52,0
0.10298,5.36,0
0.103,5.44,0
0.10302,5.44,0
0.10304,5.44,0
0.10306,5.44,0
0.10308,5.44,0
0.1031,5.44,0
0.10312,5.52,0
0.10314,5.44,0
0.10316,5.44,0
0.10318,5.44,0
0.1032,5.52,0
0.10322,5.44,0
0.10324,5.44,0
0.10326,5.44,0
0.10328,5.44,0
0.1033,5.44,0
0.10332,5.52,0
0.10334,5.44,0
0.10336,5.52,0
0.10338,5.44,0
0.1034,5.44,0
0.10342,5.52,0
0.10344,5.44,0
0.10346,5.52,0
0.10348,5.52,0
0.1035,5.52,0
0.10352,5.44,0
0.10354,5.44,0
0.10356,5.52,0
0.10358,5.44,0
0.1036,5.44,0
0.10362,5.44,0
0.10364,5.52,0
0.10366,5.44,0
0.10368,5.52,0
0.1037,5.44,0
0.10372,5.44,0
0.10374,5.44,0
0.10376,5.52,0
0.10378,5.44,0
0.1038,5.44,0
0.10382,5.44,0
0.10384,5.44,0
0.10386,5.44,0
0.10388,5.6,0
0.1039,5.52,0
0.10392,5.44,0
0.10394,5.52,0
0.10396,5.52,0
0.10398,5.36,0
0.104,5.52,0
0.10402,5.44,0
0.10404,5.52,0
0.10406,5.44,0
0.10408,5.44,0
0.1041,5.44,0
0.10412,5.44,0
0.10414,5.36,0
0.10416,5.52,0
0.10418,5.44,0
0.1042,5.44,0
0.10422,5.44,0
0.10424,5.52,0
0.10426,5.44,0
0.10428,5.44,0
0.1043,5.44,0
0.10432,5.52,0
0.10434,5.44,0
0.10436,5.44,0
0.10438,5.44,0
0.1044,5.52,0
0.10442,5.44,0
0.10444,5.52,0
0.10446,5.52,0
0.10448,5.52,0
0.1045,5.44,0
0.10452,5.52,0
0.10454,5.36,0
0.10456,5.44,0
0.10458,5.44,0
0.1046,5.44,0
0.10462,5.44,0
0.10464,5.52,0
0.10466,5.44,0
0.10468,5.44,0
0.1047,5.44,0
0.10472,5.44,0
0.10474,5.44,0
0.10476,5.44,0
0.10478,5.44,0
0.1048,5.52,0
0.10482,5.44,0
0.10484,5.52,0
0.10486,5.44,0
0.10488,5.44,0
0.1049,5.44,0
0.10492,5.52,0
0.10494,5.44,0
0.10496,5.44,0
0.10498,5.44,0
0.105,5.52,0
0.10502,5.44,0
0.10504,5.44,0
0.10506,5.52,0
0.10508,5.52,0
0.1051,5.44,0
0.10512,5.44,0
0.10514,5.44,0
0.10516,5.52,0
0.10518,5.44,0
0.1052,5.44,0
0.10522,5.44,0
0.10524,5.44,0
0.10526,5.44,0
0.10528,5.52,0
0.1053,5.44,0
0.10532,5.44,0
0.10534,5.44,0
0.10536,5.52,0
0.10538,5.52,0
0.1054,5.44,0
0.10542,5.44,0
0.10544,5.44,0
0.10546,5.44,0
0.10548,5.52,0
0.1055,5.52,0
0.10552,5.52,0
0.10554,5.44,0
0.10556,5.52,0
0.10558,5.44,0
0.1056,5.52,0
0.10562,5.44,0
0.10564,5.52,0
0.10566,5.44,0
0.10568,5.52,0
0.1057,5.44,0
0.10572,5.44,0
0.10574,5.44,0
0.10576,5.44,0
0.10578,5.44,0
0.1058,5.44,0
0.10582,5.44,0
0.10584,5.52,0
0.10586,5.52,0
0.10588,5.52,0
0.1059,5.44,0
0.10592,5.44,0
0.10594,5.44,0
0.10596,5.52,0
0.10598,5.44,0
0.106,5.52,0
0.10602,5.52,0
0.10604,5.44,0
0.10606,5.36,0
0.10608,5.44,0
0.1061,5.44,0
0.10612,5.52,0
0.10614,5.52,0
0.10616,5.52,0
0.10618,5.52,0
0.1062,5.52,0
0.10622,5.44,0
0.10624,5.52,0
0.10626,5.44,0
0.10628,5.44,0
0.1063,5.44,0
0.10632,5.52,0
0.10634,5.52,0
0.10636,5.44,0
0.10638,5.44,0
0.1064,5.44,0
0.10642,5.44,0
0.10644,5.52,0
0.10646,5.52,0
0.10648,5.52,0
0.1065,5.52,0
0.10652,5.52,0
0.10654,5.52,0
0.10656,5.44,0
0.10658,5.44,0
0.1066,5.44,0
0.10662,5.44,0
0.10664,5.52,0
0.10666,5.44,0
0.10668,5.44,0
0.1067,5.44,0
0.10672,5.52,0
0.10674,5.44,0
0.10676,5.44,0
0.10678,5.44,0
0.1068,5.52,0
0.10682,5.44,0
0.10684,5.44,0
0.10686,5.44,0
0.10688,5.44,0
0.1069,5.44,0
0.10692,5.52,0
0.10694,5.44,0
0.10696,5.44,0
0.10698,5.44,0
0.107,5.44,0
0.10702,5.52,0
0.10704,5.52,0
0.10706,5.44,0
0.10708,5.52,0
0.1071,5.44,0
0.10712,5.44,0
0.10714,5.44,0
0.10716,5.44,0
0.10718,5.44,0
0.1072,5.44,0
0.10722,5.52,0
0.10724,5.52,0
0.10726,5.44,0
0.10728,5.44,0
0.1073,5.52,0
0.10732,5.44,0
0.10734,5.44,0
0.10736,5.52,0
0.10738,5.44,0
0.1074,5.44,0
0.10742,5.44,0
0.10744,5.44,0
0.10746,5.44,0
0.10748,5.44,0
0.1075,5.44,0
0.10752,5.44,0
0.10754,5.44,0
0.10756,5.52,0
0.10758,5.44,0
0.1076,5.44,0
0.10762,5.44,0
0.10764,5.52,0
0.10766,5.44,0
0.10768,5.52,0
0.1077,5.52,0
0.10772,5.44,0
0.10774,5.52,0
0.10776,5.52,0
0.10778,5.44,0
0.1078,5.52,0
0.10782,5.44,0
0.10784,5.44,0
0.10786,5.44,0
0.10788,5.6,0
0.1079,5.44,0
0.10792,5.52,0
0.10794,5.44,0
0.10796,5.52,0
0.10798,5.52,0
0.108,5.44,0
0.10802,5.44,0
0.10804,5.52,0
0.10806,5.44,0
0.10808,5.52,0
0.1081,5.44,0
0.10812,5.52,0
0.10814,5.44,0
0.10816,5.44,0
0.10818,5.44,0
0.1082,5.52,0
0.10822,5.44,0
0.10824,5.52,0
0.10826,5.44,0
0.10828,5.52,0
0.1083,5.44,0
0.10832,5.52,0
0.10834,5.44,0
0.10836,5.52,0
0.10838,5.52,0
0.1084,5.52,0
0.10842,5.44,0
0.10844,5.44,0
0.10846,5.44,0
0.10848,5.52,0
0.1085,5.52,0
0.10852,5.52,0
0.10854,5.44,0
0.10856,5.44,0
0.10858,5.52,0
0.1086,5.52,0
0.10862,5.52,0
0.10864,5.44,0
0.10866,5.52,0
0.10868,5.52,0
0.1087,5.44,0
0.10872,5.52,0
0.10874,5.44,0
0.10876,5.44,0
0.10878,5.52,0
0.1088,5.44,0
0.10882,5.44,0
0.10884,5.52,0
0.10886,5.52,0
0.10888,5.52,0
0.1089,5.44,0
0.10892,5.6,0
0.10894,5.44,0
0.10896,5.44,0
0.10898,5.44,0
0.109,5.44,0
0.10902,5.44,0
0.10904,5.52,0
0.10906,5.44,0
0.10908,5.52,0
0.1091,5.52,0
0.10912,5.52,0
0.10914,5.52,0
0.10916,5.52,0
0.10918,5.52,0
0.1092,5.52,0
0.10922,5.52,0
0.10924,5.52,0
0.10926,5.44,0
0.10928,5.52,0
0.1093,5.52,0
0.10932,5.44,0
0.10934,5.44,0
0.10936,5.52,0
0.10938,5.52,0
0.1094,5.52,0
0.10942,5.52,0
0.10944,5.6,0
0.10946,5.44,0
0.10948,5.52,0
0.1095,5.36,0
0.10952,5.52,0
0.10954,5.44,0
0.10956,5.52,0
0.10958,5.44,0
0.1096,5.52,0
0.10962,5.44,0
0.10964,5.52,0
0.10966,5.44,0
0.10968,5.44,0
0.1097,5.44,0
0.10972,5.44,0
0.10974,5.52,0
0.10976,5.52,0
0.10978,5.44,0
0.1098,5.44,0
0.10982,5.52,0
0.10984,5.44,0
0.10986,5.44,0
0.10988,5.52,0
0.1099,5.44,0
0.10992,5.44,0
0.10994,5.44,0
0.10996,5.52,0
0.10998,5.44,0
0.11,5.52,0
0.11002,5.52,0
0.11004,5.6,0
0.11006,5.44,0
0.11008,5.44,0
0.1101,5.44,0
0.11012,5.6,0
0.11014,5.44,0
0.11016,5.52,0
0.11018,5.44,0
0.1102,5.52,0
0.11022,5.52,0
0.11024,5.52,0
0.11026,5.44,0
0.11028,5.52,0
0.1103,5.44,0
0.11032,5.52,0
0.11034,5.44,0
0.11036,5.52,0
0.11038,5.44,0
0.1104,5.52,0
0.11042,5.44,0
0.11044,5.52,0
0.11046,5.44,0
0.11048,5.6,0
0.1105,5.44,0
0.11052,5.52,0
0.11054,5.44,0
0.11056,5.44,0
0.11058,5.44,0
0.1106,5.52,0
0.11062,5.52,0
0.11064,5.44,0
0.11066,5.44,0
0.11068,5.52,0
0.1107,5.44,0
0.11072,5.44,0
0.11074,5.44,0
0.11076,5.52,0
0.11078,5.44,0
0.1108,5.52,0
0.11082,5.36,0
0.11084,5.52,0
0.11086,5.44,0
0.11088,5.52,0
0.1109,5.44,0
0.11092,5.44,0
0.11094,5.52,0
0.11096,5.6,0
0.11098,5.44,0
0.111,5.44,0
0.11102,5.44,0
0.11104,5.52,0
0.11106,5.44,0
0.11108,5.52,0
0.1111,5.44,0
0.11112,5.44,0
0.11114,5.44,0
0.11116,5.52,0
0.11118,5.44,0
0.1112,5.52,0
0.11122,5.52,0
0.11124,5.52,0
0.11126,5.44,0
0.11128,5.44,0
0.1113,5.44,0
0.11132,5.52,0
0.11134,5.52,0
0.11136,5.44,0
0.11138,5.44,0
0.1114,5.52,0
0.11142,5.44,0
0.11144,5.52,0
0.11146,5.44,0
0.11148,5.52,0
0.1115,5.44,0
0.11152,5.44,0
0.11154,5.44,0
0.11156,5.44,0
0.11158,5.44,0
0.1116,5.52,0
0.11162,5.52,0
0.11164,5.52,0
0.11166,5.44,0
0.11168,5.52,0
0.1117,5.52,0
0.11172,5.52,0
0.11174,5.44,0
0.11176,5.44,0
0.11178,5.44,0
0.1118,5.44,0
0.11182,5.44,0
0.11184,5.52,0
0.11186,5.44,0
0.11188,5.52,0
0.1119,5.52,0
0.11192,5.52,0
0.11194,5.44,0
0.11196,5.52,0
0.11198,5.44,0
0.112,5.52,0
0.11202,5.44,0
0.11204,5.44,0
0.11206,5.52,0
0.11208,5.6,0
0.1121,5.44,0
0.11212,5.52,0
0.11214,5.44,0
0.11216,5.6,0
0.11218,5.44,0
0.1122,5.52,0
0.11222,5.44,0
0.11224,5.52,0
0.11226,5.44,0
0.11228,5.52,0
0.1123,5.44,0
0.11232,5.52,0
0.11234,5.44,0
0.11236,5.44,0
0.11238,5.52,0
0.1124,5.52,0
0.11242,5.44,0
0.11244,5.52,0
0.11246,5.52,0
0.11248,5.52,0
0.1125,5.52,0
0.11252,5.52,0
0.11254,5.52,0
0.11256,5.44,0
0.11258,5.44,0
0.1126,5.6,0
0.11262,5.44,0
0.11264,5.52,0
0.11266,5.44,0
0.11268,5.52,0
0.1127,5.44,0
0.11272,5.44,0
0.11274,5.52,0
0.11276,5.52,0
0.11278,5.44,0
0.1128,5.44,0
0.11282,5.44,0
0.11284,5.52,0
0.11286,5.52,0
0.11288,5.52,0
0.1129,5.44,0
0.11292,5.44,0
0.11294,5.44,0
0.11296,5.52,0
0.11298,5.44,0
0.113,5.52,0
0.11302,5.36,0
0.11304,5.52,0
0.11306,5.52,0
0.11308,5.44,0
0.1131,5.44,0
0.11312,5.52,0
0.11314,5.44,0
0.11316,5.6,0
0.11318,5.52,0
0.1132,5.52,0
0.11322,5.52,0
0.11324,5.52,0
0.11326,5.52,0
0.11328,5.52,0
0.1133,5.52,0
0.11332,5.52,0
0.11334,5.44,0
0.11336,5.52,0
0.11338,5.44,0
0.1134,5.52,0
0.11342,5.44,0
0.11344,5.44,0
0.11346,5.52,0
0.11348,5.52,0
0.1135,5.44,0
0.11352,5.52,0
0.11354,5.52,0
0.11356,5.52,0
0.11358,5.6,0
0.1136,5.52,0
0.11362,5.44,0
0.11364,5.52,0
0.11366,5.44,0
0.11368,5.52,0
0.1137,5.44,0
0.11372,5.44,0
0.11374,5.44,0
0.11376,5.52,0
0.11378,5.44,0
0.1138,5.44,0
0.11382,5.44,0
0.11384,5.52,0
0.11386,5.44,0
0.11388,5.44,0
0.1139,5.44,0
0.11392,5.6,0
0.11394,5.52,0
0.11396,5.52,0
0.11398,5.52,0
0.114,5.52,0
0.11402,5.44,0
0.11404,5.44,0
0.11406,5.52,0
0.11408,5.52,0
0.1141,5.6,0
0.11412,5.52,0
0.11414,5.44,0
0.11416,5.44,0
0.11418,5.44,0
0.1142,5.44,0
0.11422,5.44,0
0.11424,5.52,0
0.11426,5.52,0
0.11428,5.52,0
0.1143,5.44,0
0.11432,5.52,0
0.11434,5.44,0
0.11436,5.52,0
0.11438,5.52,0
0.1144,5.52,0
0.11442,5.52,0
0.11444,5.52,0
0.11446,5.52,0
0.11448,5.6,0
0.1145,5.52,0
0.11452,5.52,0
0.11454,5.44,0
0.11456,5.52,0
0.11458,5.52,0
0.1146,5.52,0
0.11462,5.52,0
0.11464,5.52,0
0.11466,5.52,0
0.11468,5.52,0
0.1147,5.44,0
0.11472,5.44,0
0.11474,5.52,0
0.11476,5.52,0
0.11478,5.44,0
0.1148,5.44,0
0.11482,5.44,0
0.11484,5.52,0
0.11486,5.52,0
0.11488,5.44,0
0.1149,5.44,0
0.11492,5.52,0
0.11494,5.44,0
0.11496,5.52,0
0.11498,5.44,0
0.115,5.52,0
0.11502,5.52,0
0.11504,5.44,0
0.11506,5.44,0
0.11508,5.52,0
0.1151,5.52,0
0.11512,5.52,0
0.11514,5.52,0
0.11516,5.44,0
0.11518,5.44,0
0.1152,5.52,0
0.11522,5.52,0
0.11524,5.6,0
0.11526,5.52,0
0.11528,5.52,0
0.1153,5.52,0
0.11532,5.52,0
0.11534,5.44,0
0.11536,5.44,0
0.11538,5.44,0
0.1154,5.44,0
0.11542,5.52,0
0.11544,5.52,0
0.11546,5.52,0
0.11548,5.52,0
0.1155,5.44,0
0.11552,5.52,0
0.11554,5.44,0
0.11556,5.52,0
0.11558,5.44,0
0.1156,5.52,0
0.11562,5.44,0
0.11564,5.52,0
0.11566,5.44,0
0.11568,5.52,0
0.1157,5.44,0
0.11572,5.52,0
0.11574,5.52,0
0.11576,5.52,0
0.11578,5.44,0
0.1158,5.52,0
0.11582,5.52,0
0.11584,5.52,0
0.11586,5.52,0
0.11588,5.52,0
0.1159,5.44,0
0.11592,5.52,0
0.11594,5.44,0
0.11596,5.52,0
0.11598,5.52,0
0.116,5.52,0
0.11602,5.52,0
0.11604,5.6,0
0.11606,5.52,0
0.11608,5.52,0
0.1161,5.52,0
0.11612,5.44,0
0.11614,5.52,0
0.11616,5.52,0
0.11618,5.52,0
0.1162,5.52,0
0.11622,5.44,0
0.11624,5.44,0
0.11626,5.44,0
0.11628,5.52,0
0.1163,5.44,0
0.11632,5.52,0
0.11634,5.52,0
0.11636,5.44,0
0.11638,5.44,0
0.1164,5.52,0
0.11642,5.52,0
0.11644,5.52,0
0.11646,5.52,0
0.11648,5.52,0
0.1165,5.44,0
0.11652,5.52,0
0.11654,5.44,0
0.11656,5.52,0
0.11658,5.44,0
0.1166,5.52,0
0.11662,5.44,0
0.11664,5.52,0
0.11666,5.52,0
0.11668,5.52,0
0.1167,5.52,0
0.11672,5.44,0
0.11674,5.52,0
0.11676,5.52,0
0.11678,5.44,0
0.1168,5.52,0
0.11682,5.52,0
0.11684,5.52,0
0.11686,5.44,0
0.11688,5.52,0
0.1169,5.44,0
0.11692,5.52,0
0.11694,5.44,0
0.11696,5.52,0
0.11698,5.52,0
0.117,5.6,0
0.11702,5.44,0
0.11704,5.6,0
0.11706,5.52,0
0.11708,5.52,0
0.1171,5.52,0
0.11712,5.6,0
0.11714,5.52,0
0.11716,5.52,0
0.11718,5.52,0
0.1172,5.52,0
0.11722,5.52,0
0.11724,5.52,0
0.11726,5.44,0
0.11728,5.44,0
0.1173,5.44,0
0.11732,5.52,0
0.11734,5.44,0
0.11736,5.52,0
0.11738,5.44,0
0.1174,5.44,0
0.11742,5.52,0
0.11744,5.52,0
0.11746,5.52,0
0.11748,5.6,0
0.1175,5.44,0
0.11752,5.44,0
0.11754,5.52,0
0.11756,5.52,0
0.11758,5.52,0
0.1176,5.52,0
0.11762,5.52,0
0.11764,5.52,0
0.11766,5.44,0
0.11768,5.44,0
0.1177,5.44,0
0.11772,5.6,0
0.11774,5.52,0
0.11776,5.52,0
0.11778,5.44,0
0.1178,5.44,0
0.11782,5.44,0
0.11784,5.6,0
0.11786,5.52,0
0.11788,5.52,0
0.1179,5.52,0
0.11792,5.44,0
0.11794,5.44,0
0.11796,5.44,0
0.11798,5.44,0
0.118,5.52,0
0.11802,5.36,0
0.11804,5.44,0
0.11806,5.52,0
0.11808,5.44,0
0.1181,5.52,0
0.11812,5.52,0
0.11814,5.44,0
0.11816,5.52,0
0.11818,5.52,0
0.1182,5.52,0
0.11822,5.44,0
0.11824,5.52,0
0.11826,5.44,0
0.11828,5.52,0
0.1183,5.52,0
0.11832,5.52,0
0.11834,5.44,0
0.11836,5.52,0
0.11838,5.52,0
0.1184,5.44,0
0.11842,5.44,0
0.11844,5.52,0
0.11846,5.44,0
0.11848,5.52,0
0.1185,5.52,0
0.11852,5.52,0
0.11854,5.52,0
0.11856,5.52,0
0.11858,5.52,0
0.1186,5.44,0
0.11862,5.52,0
0.11864,5.52,0
0.11866,5.44,0
0.11868,5.6,0
0.1187,5.52,0
0.11872,5.52,0
0.11874,5.52,0
0.11876,5.44,0
0.11878,5.52,0
0.1188,5.44,0
0.11882,5.44,0
0.11884,5.52,0
0.11886,5.52,0
0.11888,5.52,0
0.1189,5.44,0
0.11892,5.44,0
0.11894,5.52,0
0.11896,5.6,0
0.11898,5.52,0
0.119,5.6,0
0.11902,5.52,0
0.11904,5.6,0
0.11906,5.44,0
0.11908,5.28,0
0.1191,5.12,0
0.11912,4.96,0
0.11914,4.8,0
0.11916,4.64,0
0.11918,4.48,0
0.1192,4.32,0
0.11922,4.16,0
0.11924,4,0
0.11926,3.92,0
0.11928,3.76,0
0.1193,3.52,0
0.11932,3.44,0
0.11934,3.28,0
0.11936,3.2,0
0.11938,3.04,0
0.1194,2.88,0
0.11942,2.72,0
0.11944,2.64,0
0.11946,2.56,0
0.11948,2.4,0
0.1195,2.24,0
0.11952,2.24,0
0.11954,2.08,0
0.11956,2,0
0.11958,1.84,0
0.1196,1.76,0
0.11962,1.68,0
0.11964,1.52,0
0.11966,1.44,0
0.11968,1.36,0
0.1197,1.2,0
0.11972,1.12,0
0.11974,1.04,0
0.11976,0.96,0
0.11978,0.8,0
0.1198,0.72,0
0.11982,0.64,0
0.11984,0.56,0
0.11986,0.48,0
0.11988,0.4,0
0.1199,0.24,0
0.11992,0.24,0
0.11994,0.08,0
0.11996,0,0
0.11998,-0.08,0
